Education Level,Specialization,Skills,Certifications,CGPA/Percentage,Recommended Career,combined_text
Bachelor's,Finance,"Counseling, MS Office, Machine Learning",Tally ERP,67,Business Analyst,"Bachelor's Finance Counseling, MS Office, Machine Learning Tally ERP"
Intermediate,Science,"Accounting, MS Office",AWS Certified,67,Software Engineer,"Intermediate Science Accounting, MS Office AWS Certified"
Intermediate,Business,Communication,CFA Level 1,77,Research Scientist,Intermediate Business Communication CFA Level 1
Matric,Business,"Communication, Data Analysis, Counseling",CFA Level 1,93,Software Engineer,"Matric Business Communication, Data Analysis, Counseling CFA Level 1"
Master's,Commerce,Communication,AWS Certified,80,Software Engineer,Master's Commerce Communication AWS Certified
Master's,Arts,Marketing,Google Data Analytics,76,Research Scientist,Master's Arts Marketing Google Data Analytics
Master's,Computer Science,"Financial Analysis, Counseling",Creative Writing,85,ML Engineer,"Master's Computer Science Financial Analysis, Counseling Creative Writing"
PhD,Business,Accounting,CFA Level 1,79,Business Analyst,PhD Business Accounting CFA Level 1
Intermediate,Finance,Accounting,AWS Certified,65,ML Engineer,Intermediate Finance Accounting AWS Certified
Master's,Engineering,"SQL, Communication, Counseling",Creative Writing,80,ML Engineer,"Master's Engineering SQL, Communication, Counseling Creative Writing"
Bachelor's,Business,"Machine Learning, SQL, Counseling",Digital Marketing,68,Software Engineer,"Bachelor's Business Machine Learning, SQL, Counseling Digital Marketing"
Master's,Business,MS Office,Digital Marketing,82,ML Engineer,Master's Business MS Office Digital Marketing
Intermediate,Psychology,"Financial Analysis, Counseling",Mental Health Basics,95,Research Scientist,"Intermediate Psychology Financial Analysis, Counseling Mental Health Basics"
Bachelor's,Commerce,"MS Office, Marketing, SQL",Tally ERP,60,ML Engineer,"Bachelor's Commerce MS Office, Marketing, SQL Tally ERP"
Matric,Finance,"Machine Learning, Accounting",Mental Health Basics,69,Software Engineer,"Matric Finance Machine Learning, Accounting Mental Health Basics"
PhD,Arts,"Accounting, Financial Analysis",Tally ERP,76,Business Analyst,"PhD Arts Accounting, Financial Analysis Tally ERP"
PhD,Computer Science,"Counseling, Machine Learning",Tally ERP,81,Software Engineer,"PhD Computer Science Counseling, Machine Learning Tally ERP"
PhD,Commerce,"Marketing, Machine Learning",Digital Marketing,91,Software Engineer,"PhD Commerce Marketing, Machine Learning Digital Marketing"
Intermediate,Psychology,MS Office,Mental Health Basics,81,Research Scientist,Intermediate Psychology MS Office Mental Health Basics
PhD,Business,"Counseling, Accounting, Financial Analysis",Mental Health Basics,69,ML Engineer,"PhD Business Counseling, Accounting, Financial Analysis Mental Health Basics"
PhD,Computer Science,"SQL, MS Office, Marketing",Tally ERP,82,Software Engineer,"PhD Computer Science SQL, MS Office, Marketing Tally ERP"
Bachelor's,Commerce,Counseling,CFA Level 1,80,Research Scientist,Bachelor's Commerce Counseling CFA Level 1
Matric,Business,"Counseling, Communication, Financial Analysis",Creative Writing,83,ML Engineer,"Matric Business Counseling, Communication, Financial Analysis Creative Writing"
PhD,Psychology,"Financial Analysis, Data Analysis",Tally ERP,88,Business Analyst,"PhD Psychology Financial Analysis, Data Analysis Tally ERP"
Master's,Science,"Machine Learning, Python",Tally ERP,60,ML Engineer,"Master's Science Machine Learning, Python Tally ERP"
Bachelor's,Finance,"Python, Accounting, Communication",CFA Level 1,93,Research Scientist,"Bachelor's Finance Python, Accounting, Communication CFA Level 1"
Matric,Psychology,"Counseling, Communication, Financial Analysis",Mental Health Basics,81,Business Analyst,"Matric Psychology Counseling, Communication, Financial Analysis Mental Health Basics"
Master's,Arts,"Accounting, Financial Analysis, SQL",Tally ERP,62,Research Scientist,"Master's Arts Accounting, Financial Analysis, SQL Tally ERP"
Matric,Computer Science,"Counseling, Marketing",,95,Software Engineer,
Bachelor's,Psychology,"SQL, Data Analysis",Google Data Analytics,73,ML Engineer,"Bachelor's Psychology SQL, Data Analysis Google Data Analytics"
Bachelor's,Science,"Counseling, Marketing",Tally ERP,88,Research Scientist,"Bachelor's Science Counseling, Marketing Tally ERP"
Bachelor's,Computer Science,Machine Learning,Creative Writing,87,Business Analyst,Bachelor's Computer Science Machine Learning Creative Writing
Bachelor's,Computer Science,"MS Office, Financial Analysis",Creative Writing,92,Software Engineer,"Bachelor's Computer Science MS Office, Financial Analysis Creative Writing"
Matric,Arts,"Accounting, Counseling",Digital Marketing,66,Software Engineer,"Matric Arts Accounting, Counseling Digital Marketing"
Intermediate,Computer Science,"Machine Learning, Counseling, MS Office",Creative Writing,86,Software Engineer,"Intermediate Computer Science Machine Learning, Counseling, MS Office Creative Writing"
Matric,Arts,"Data Analysis, MS Office, Counseling",CFA Level 1,71,Research Scientist,"Matric Arts Data Analysis, MS Office, Counseling CFA Level 1"
Matric,Science,"Communication, Marketing",Tally ERP,60,Software Engineer,"Matric Science Communication, Marketing Tally ERP"
Bachelor's,Commerce,"Counseling, Data Analysis, Marketing",Creative Writing,79,Business Analyst,"Bachelor's Commerce Counseling, Data Analysis, Marketing Creative Writing"
Matric,Finance,Python,Mental Health Basics,72,Software Engineer,Matric Finance Python Mental Health Basics
Master's,Commerce,"SQL, Financial Analysis, Python",CFA Level 1,75,Business Analyst,"Master's Commerce SQL, Financial Analysis, Python CFA Level 1"
Master's,Business,"Financial Analysis, Counseling, SQL",Tally ERP,93,Business Analyst,"Master's Business Financial Analysis, Counseling, SQL Tally ERP"
Matric,Finance,Communication,Google Data Analytics,79,Software Engineer,Matric Finance Communication Google Data Analytics
Master's,Arts,"Accounting, Financial Analysis, MS Office",CFA Level 1,82,ML Engineer,"Master's Arts Accounting, Financial Analysis, MS Office CFA Level 1"
Matric,Arts,"Python, Marketing",Digital Marketing,82,Business Analyst,"Matric Arts Python, Marketing Digital Marketing"
PhD,Commerce,"Accounting, Financial Analysis, Marketing",Google Data Analytics,69,ML Engineer,"PhD Commerce Accounting, Financial Analysis, Marketing Google Data Analytics"
Intermediate,Arts,"Accounting, Counseling, SQL",Google Data Analytics,75,Business Analyst,"Intermediate Arts Accounting, Counseling, SQL Google Data Analytics"
Matric,Science,"Counseling, SQL",AWS Certified,84,Research Scientist,"Matric Science Counseling, SQL AWS Certified"
Intermediate,Finance,"Python, Data Analysis, SQL",Google Data Analytics,64,Research Scientist,"Intermediate Finance Python, Data Analysis, SQL Google Data Analytics"
Bachelor's,Science,"Communication, Data Analysis, Accounting",Creative Writing,85,Software Engineer,"Bachelor's Science Communication, Data Analysis, Accounting Creative Writing"
Bachelor's,Arts,"Python, Data Analysis",Google Data Analytics,70,Research Scientist,"Bachelor's Arts Python, Data Analysis Google Data Analytics"
Master's,Engineering,"MS Office, Python, Financial Analysis",,74,Research Scientist,
Matric,Psychology,"Accounting, Data Analysis",Mental Health Basics,88,Research Scientist,"Matric Psychology Accounting, Data Analysis Mental Health Basics"
Matric,Finance,Data Analysis,Mental Health Basics,83,ML Engineer,Matric Finance Data Analysis Mental Health Basics
Bachelor's,Engineering,Accounting,Digital Marketing,62,ML Engineer,Bachelor's Engineering Accounting Digital Marketing
Bachelor's,Computer Science,"Python, Communication, Financial Analysis",AWS Certified,83,Software Engineer,"Bachelor's Computer Science Python, Communication, Financial Analysis AWS Certified"
Master's,Finance,"Accounting, Financial Analysis, SQL",Creative Writing,61,ML Engineer,"Master's Finance Accounting, Financial Analysis, SQL Creative Writing"
Matric,Arts,"Machine Learning, Marketing, Python",AWS Certified,79,Software Engineer,"Matric Arts Machine Learning, Marketing, Python AWS Certified"
Bachelor's,Engineering,Marketing,,72,Software Engineer,
Bachelor's,Science,"Communication, Machine Learning, Counseling",,95,ML Engineer,
Master's,Computer Science,Marketing,Mental Health Basics,82,Business Analyst,Master's Computer Science Marketing Mental Health Basics
Master's,Science,"Financial Analysis, Counseling, Python",Google Data Analytics,86,Business Analyst,"Master's Science Financial Analysis, Counseling, Python Google Data Analytics"
Matric,Commerce,"Accounting, Counseling, Marketing",Digital Marketing,77,ML Engineer,"Matric Commerce Accounting, Counseling, Marketing Digital Marketing"
Master's,Arts,Communication,,72,Research Scientist,
Master's,Science,"SQL, Financial Analysis",Mental Health Basics,79,ML Engineer,"Master's Science SQL, Financial Analysis Mental Health Basics"
Intermediate,Arts,Accounting,,79,ML Engineer,
Master's,Psychology,"Marketing, MS Office, SQL",,72,ML Engineer,
Master's,Engineering,"Python, Marketing",Creative Writing,60,Software Engineer,"Master's Engineering Python, Marketing Creative Writing"
Bachelor's,Commerce,"Data Analysis, Financial Analysis",Digital Marketing,66,Business Analyst,"Bachelor's Commerce Data Analysis, Financial Analysis Digital Marketing"
PhD,Commerce,"MS Office, Communication",Google Data Analytics,76,Research Scientist,"PhD Commerce MS Office, Communication Google Data Analytics"
PhD,Engineering,"Python, Financial Analysis, Machine Learning",Mental Health Basics,80,ML Engineer,"PhD Engineering Python, Financial Analysis, Machine Learning Mental Health Basics"
Intermediate,Arts,"Machine Learning, SQL, Accounting",Creative Writing,81,Software Engineer,"Intermediate Arts Machine Learning, SQL, Accounting Creative Writing"
Master's,Finance,"Python, Accounting, Marketing",Mental Health Basics,76,Software Engineer,"Master's Finance Python, Accounting, Marketing Mental Health Basics"
Matric,Finance,"MS Office, Communication, Financial Analysis",Digital Marketing,78,Research Scientist,"Matric Finance MS Office, Communication, Financial Analysis Digital Marketing"
Matric,Business,"Communication, Machine Learning, Accounting",AWS Certified,71,ML Engineer,"Matric Business Communication, Machine Learning, Accounting AWS Certified"
Intermediate,Engineering,"Data Analysis, MS Office",Google Data Analytics,79,ML Engineer,"Intermediate Engineering Data Analysis, MS Office Google Data Analytics"
Bachelor's,Business,Python,CFA Level 1,86,Business Analyst,Bachelor's Business Python CFA Level 1
Matric,Engineering,MS Office,AWS Certified,84,ML Engineer,Matric Engineering MS Office AWS Certified
Intermediate,Business,"Counseling, SQL",Digital Marketing,92,Research Scientist,"Intermediate Business Counseling, SQL Digital Marketing"
Intermediate,Commerce,"Counseling, Financial Analysis, Accounting",CFA Level 1,64,Business Analyst,"Intermediate Commerce Counseling, Financial Analysis, Accounting CFA Level 1"
Matric,Commerce,Accounting,Digital Marketing,78,Software Engineer,Matric Commerce Accounting Digital Marketing
Matric,Computer Science,"MS Office, Data Analysis, Financial Analysis",AWS Certified,88,Software Engineer,"Matric Computer Science MS Office, Data Analysis, Financial Analysis AWS Certified"
Intermediate,Commerce,Marketing,AWS Certified,83,Software Engineer,Intermediate Commerce Marketing AWS Certified
Matric,Psychology,"Counseling, MS Office, Accounting",Creative Writing,89,Software Engineer,"Matric Psychology Counseling, MS Office, Accounting Creative Writing"
PhD,Engineering,"Python, Data Analysis",Google Data Analytics,88,Software Engineer,"PhD Engineering Python, Data Analysis Google Data Analytics"
Master's,Arts,"Python, SQL",Creative Writing,76,ML Engineer,"Master's Arts Python, SQL Creative Writing"
Matric,Psychology,"Machine Learning, Marketing, Data Analysis",Mental Health Basics,90,Software Engineer,"Matric Psychology Machine Learning, Marketing, Data Analysis Mental Health Basics"
Master's,Engineering,Machine Learning,,70,ML Engineer,
Bachelor's,Commerce,"Financial Analysis, Communication, MS Office",Mental Health Basics,63,ML Engineer,"Bachelor's Commerce Financial Analysis, Communication, MS Office Mental Health Basics"
Matric,Engineering,"Financial Analysis, Machine Learning",Mental Health Basics,74,Software Engineer,"Matric Engineering Financial Analysis, Machine Learning Mental Health Basics"
Matric,Computer Science,Python,Tally ERP,87,ML Engineer,Matric Computer Science Python Tally ERP
PhD,Engineering,"Communication, Data Analysis, Financial Analysis",Tally ERP,88,Business Analyst,"PhD Engineering Communication, Data Analysis, Financial Analysis Tally ERP"
Intermediate,Commerce,"Marketing, Accounting",Tally ERP,77,ML Engineer,"Intermediate Commerce Marketing, Accounting Tally ERP"
Intermediate,Arts,"MS Office, Python, Counseling",Creative Writing,76,Business Analyst,"Intermediate Arts MS Office, Python, Counseling Creative Writing"
Intermediate,Computer Science,Python,CFA Level 1,71,Business Analyst,Intermediate Computer Science Python CFA Level 1
Bachelor's,Business,Communication,Mental Health Basics,73,ML Engineer,Bachelor's Business Communication Mental Health Basics
Master's,Business,Counseling,,73,Software Engineer,
Intermediate,Arts,Communication,,78,ML Engineer,
PhD,Arts,Accounting,Tally ERP,81,Research Scientist,PhD Arts Accounting Tally ERP
Matric,Commerce,Data Analysis,CFA Level 1,66,Software Engineer,Matric Commerce Data Analysis CFA Level 1
Bachelor's,Engineering,"MS Office, Counseling",,67,ML Engineer,
Matric,Science,"MS Office, Marketing",Google Data Analytics,68,Software Engineer,"Matric Science MS Office, Marketing Google Data Analytics"
Bachelor's,Finance,"Financial Analysis, Machine Learning",Creative Writing,94,Business Analyst,"Bachelor's Finance Financial Analysis, Machine Learning Creative Writing"
PhD,Computer Science,SQL,,76,Research Scientist,
PhD,Business,"Financial Analysis, Data Analysis",AWS Certified,94,ML Engineer,"PhD Business Financial Analysis, Data Analysis AWS Certified"
Intermediate,Business,"MS Office, Python, Marketing",Mental Health Basics,75,Business Analyst,"Intermediate Business MS Office, Python, Marketing Mental Health Basics"
PhD,Science,Financial Analysis,Mental Health Basics,73,Research Scientist,PhD Science Financial Analysis Mental Health Basics
Master's,Business,"Data Analysis, MS Office",CFA Level 1,82,Business Analyst,"Master's Business Data Analysis, MS Office CFA Level 1"
Intermediate,Arts,"Marketing, SQL, Financial Analysis",Creative Writing,93,Research Scientist,"Intermediate Arts Marketing, SQL, Financial Analysis Creative Writing"
Master's,Arts,Communication,Creative Writing,85,ML Engineer,Master's Arts Communication Creative Writing
Intermediate,Arts,Financial Analysis,Google Data Analytics,67,Business Analyst,Intermediate Arts Financial Analysis Google Data Analytics
Bachelor's,Commerce,Data Analysis,AWS Certified,64,Research Scientist,Bachelor's Commerce Data Analysis AWS Certified
Matric,Science,"Python, Data Analysis",AWS Certified,73,Software Engineer,"Matric Science Python, Data Analysis AWS Certified"
Bachelor's,Engineering,Machine Learning,Creative Writing,75,ML Engineer,Bachelor's Engineering Machine Learning Creative Writing
Bachelor's,Arts,"Machine Learning, Data Analysis, SQL",CFA Level 1,87,Software Engineer,"Bachelor's Arts Machine Learning, Data Analysis, SQL CFA Level 1"
Master's,Business,"Machine Learning, SQL",CFA Level 1,70,Software Engineer,"Master's Business Machine Learning, SQL CFA Level 1"
PhD,Psychology,"Python, Machine Learning",Mental Health Basics,81,Business Analyst,"PhD Psychology Python, Machine Learning Mental Health Basics"
Bachelor's,Arts,"Marketing, Machine Learning, Communication",CFA Level 1,66,Software Engineer,"Bachelor's Arts Marketing, Machine Learning, Communication CFA Level 1"
Master's,Science,SQL,CFA Level 1,86,Software Engineer,Master's Science SQL CFA Level 1
Master's,Science,"Accounting, Counseling, Communication",,76,Business Analyst,
Master's,Business,"MS Office, Python, Marketing",,90,ML Engineer,
Bachelor's,Arts,Counseling,,71,Software Engineer,
Master's,Computer Science,"Marketing, Financial Analysis",AWS Certified,60,Research Scientist,"Master's Computer Science Marketing, Financial Analysis AWS Certified"
Intermediate,Computer Science,Accounting,Digital Marketing,83,Research Scientist,Intermediate Computer Science Accounting Digital Marketing
Intermediate,Science,Marketing,Creative Writing,94,Research Scientist,Intermediate Science Marketing Creative Writing
Intermediate,Computer Science,"Machine Learning, Communication",Google Data Analytics,73,ML Engineer,"Intermediate Computer Science Machine Learning, Communication Google Data Analytics"
Master's,Commerce,"Financial Analysis, Data Analysis",Mental Health Basics,72,Business Analyst,"Master's Commerce Financial Analysis, Data Analysis Mental Health Basics"
Bachelor's,Psychology,Marketing,Google Data Analytics,80,Research Scientist,Bachelor's Psychology Marketing Google Data Analytics
Bachelor's,Engineering,"Data Analysis, MS Office",AWS Certified,76,Software Engineer,"Bachelor's Engineering Data Analysis, MS Office AWS Certified"
Master's,Psychology,"Accounting, Financial Analysis",,70,Research Scientist,
Bachelor's,Commerce,"Data Analysis, Communication, SQL",Tally ERP,92,ML Engineer,"Bachelor's Commerce Data Analysis, Communication, SQL Tally ERP"
Matric,Finance,"MS Office, Python",,73,Software Engineer,
PhD,Computer Science,"Communication, Marketing, Python",Creative Writing,76,Software Engineer,"PhD Computer Science Communication, Marketing, Python Creative Writing"
PhD,Finance,Python,,63,Software Engineer,
PhD,Computer Science,MS Office,Mental Health Basics,80,ML Engineer,PhD Computer Science MS Office Mental Health Basics
Bachelor's,Arts,"Marketing, Accounting, SQL",AWS Certified,79,Software Engineer,"Bachelor's Arts Marketing, Accounting, SQL AWS Certified"
PhD,Commerce,"MS Office, Accounting",CFA Level 1,71,Research Scientist,"PhD Commerce MS Office, Accounting CFA Level 1"
Master's,Finance,"Financial Analysis, Marketing",Tally ERP,70,Business Analyst,"Master's Finance Financial Analysis, Marketing Tally ERP"
Bachelor's,Finance,"Counseling, Python",Tally ERP,82,Software Engineer,"Bachelor's Finance Counseling, Python Tally ERP"
Master's,Arts,Counseling,,82,Research Scientist,
PhD,Science,"Communication, Marketing",Creative Writing,86,Business Analyst,"PhD Science Communication, Marketing Creative Writing"
Master's,Computer Science,"Counseling, Marketing, Machine Learning",,92,Business Analyst,
Bachelor's,Engineering,"Machine Learning, Marketing, Financial Analysis",AWS Certified,71,Research Scientist,"Bachelor's Engineering Machine Learning, Marketing, Financial Analysis AWS Certified"
Bachelor's,Engineering,Counseling,Creative Writing,60,Research Scientist,Bachelor's Engineering Counseling Creative Writing
Bachelor's,Science,"Data Analysis, Python",CFA Level 1,84,ML Engineer,"Bachelor's Science Data Analysis, Python CFA Level 1"
Bachelor's,Engineering,Python,Google Data Analytics,61,Software Engineer,Bachelor's Engineering Python Google Data Analytics
Master's,Commerce,"Machine Learning, Marketing, Data Analysis",AWS Certified,62,Software Engineer,"Master's Commerce Machine Learning, Marketing, Data Analysis AWS Certified"
Master's,Science,Data Analysis,Mental Health Basics,78,Software Engineer,Master's Science Data Analysis Mental Health Basics
Bachelor's,Engineering,SQL,Google Data Analytics,63,ML Engineer,Bachelor's Engineering SQL Google Data Analytics
PhD,Arts,"MS Office, Machine Learning, Counseling",Mental Health Basics,87,Software Engineer,"PhD Arts MS Office, Machine Learning, Counseling Mental Health Basics"
Intermediate,Commerce,"Accounting, MS Office, SQL",Mental Health Basics,65,Business Analyst,"Intermediate Commerce Accounting, MS Office, SQL Mental Health Basics"
PhD,Engineering,"Accounting, SQL, MS Office",,63,ML Engineer,
Matric,Commerce,"MS Office, Marketing",Creative Writing,90,Business Analyst,"Matric Commerce MS Office, Marketing Creative Writing"
Matric,Science,"Data Analysis, Accounting, MS Office",AWS Certified,86,ML Engineer,"Matric Science Data Analysis, Accounting, MS Office AWS Certified"
Matric,Psychology,Data Analysis,,65,ML Engineer,
PhD,Commerce,Financial Analysis,Digital Marketing,60,Software Engineer,PhD Commerce Financial Analysis Digital Marketing
PhD,Psychology,"MS Office, Communication, Python",,91,Research Scientist,
Matric,Business,"SQL, Financial Analysis, Python",Tally ERP,75,Research Scientist,"Matric Business SQL, Financial Analysis, Python Tally ERP"
PhD,Finance,"Financial Analysis, Data Analysis, Communication",Mental Health Basics,68,Business Analyst,"PhD Finance Financial Analysis, Data Analysis, Communication Mental Health Basics"
PhD,Engineering,"Accounting, Data Analysis",AWS Certified,71,Research Scientist,"PhD Engineering Accounting, Data Analysis AWS Certified"
Master's,Computer Science,"Python, Communication, SQL",CFA Level 1,72,Research Scientist,"Master's Computer Science Python, Communication, SQL CFA Level 1"
Intermediate,Science,Financial Analysis,AWS Certified,90,Software Engineer,Intermediate Science Financial Analysis AWS Certified
Master's,Psychology,Financial Analysis,Tally ERP,67,Software Engineer,Master's Psychology Financial Analysis Tally ERP
Matric,Science,Communication,,63,Business Analyst,
Matric,Arts,"Machine Learning, Financial Analysis",Tally ERP,66,Business Analyst,"Matric Arts Machine Learning, Financial Analysis Tally ERP"
Intermediate,Engineering,Data Analysis,Tally ERP,80,Business Analyst,Intermediate Engineering Data Analysis Tally ERP
Intermediate,Computer Science,"SQL, Accounting, Python",,62,Software Engineer,
Bachelor's,Science,"SQL, Communication, Financial Analysis",Mental Health Basics,63,ML Engineer,"Bachelor's Science SQL, Communication, Financial Analysis Mental Health Basics"
Master's,Computer Science,"Communication, Data Analysis",,76,Software Engineer,
Bachelor's,Business,"Communication, Counseling",Digital Marketing,68,ML Engineer,"Bachelor's Business Communication, Counseling Digital Marketing"
Master's,Computer Science,Marketing,Tally ERP,78,ML Engineer,Master's Computer Science Marketing Tally ERP
Matric,Engineering,"Accounting, Counseling, SQL",Tally ERP,60,Research Scientist,"Matric Engineering Accounting, Counseling, SQL Tally ERP"
Bachelor's,Computer Science,"Counseling, Financial Analysis",Tally ERP,74,Research Scientist,"Bachelor's Computer Science Counseling, Financial Analysis Tally ERP"
Master's,Psychology,"Accounting, Counseling",AWS Certified,70,Software Engineer,"Master's Psychology Accounting, Counseling AWS Certified"
Bachelor's,Computer Science,"Counseling, Communication",Tally ERP,90,Software Engineer,"Bachelor's Computer Science Counseling, Communication Tally ERP"
Matric,Engineering,Communication,Mental Health Basics,64,ML Engineer,Matric Engineering Communication Mental Health Basics
Master's,Science,"Data Analysis, Communication, Machine Learning",,86,Software Engineer,
Matric,Psychology,"Financial Analysis, SQL",Digital Marketing,83,Research Scientist,"Matric Psychology Financial Analysis, SQL Digital Marketing"
Matric,Psychology,"Communication, Counseling",Creative Writing,85,Research Scientist,"Matric Psychology Communication, Counseling Creative Writing"
Master's,Business,"Marketing, Counseling, Machine Learning",Digital Marketing,93,Business Analyst,"Master's Business Marketing, Counseling, Machine Learning Digital Marketing"
Matric,Commerce,"MS Office, Data Analysis, Accounting",Tally ERP,72,Business Analyst,"Matric Commerce MS Office, Data Analysis, Accounting Tally ERP"
Matric,Science,Python,Google Data Analytics,70,Business Analyst,Matric Science Python Google Data Analytics
Master's,Finance,"Accounting, SQL",Mental Health Basics,86,ML Engineer,"Master's Finance Accounting, SQL Mental Health Basics"
Bachelor's,Engineering,Communication,Tally ERP,63,Business Analyst,Bachelor's Engineering Communication Tally ERP
PhD,Finance,"Data Analysis, Counseling, Financial Analysis",CFA Level 1,79,Research Scientist,"PhD Finance Data Analysis, Counseling, Financial Analysis CFA Level 1"
Master's,Engineering,"Communication, Marketing, Counseling",Mental Health Basics,65,Research Scientist,"Master's Engineering Communication, Marketing, Counseling Mental Health Basics"
Master's,Engineering,Python,CFA Level 1,71,Business Analyst,Master's Engineering Python CFA Level 1
Matric,Finance,Python,AWS Certified,73,Business Analyst,Matric Finance Python AWS Certified
Master's,Science,"MS Office, Python, Financial Analysis",CFA Level 1,83,Research Scientist,"Master's Science MS Office, Python, Financial Analysis CFA Level 1"
Intermediate,Psychology,"Data Analysis, SQL",,87,Software Engineer,
Master's,Psychology,"Python, Communication, Data Analysis",CFA Level 1,90,Research Scientist,"Master's Psychology Python, Communication, Data Analysis CFA Level 1"
Matric,Psychology,"Communication, Counseling, Python",,89,Research Scientist,
Matric,Science,Marketing,Creative Writing,63,Business Analyst,Matric Science Marketing Creative Writing
PhD,Arts,Marketing,Digital Marketing,75,ML Engineer,PhD Arts Marketing Digital Marketing
PhD,Computer Science,"MS Office, SQL, Counseling",Mental Health Basics,77,Business Analyst,"PhD Computer Science MS Office, SQL, Counseling Mental Health Basics"
PhD,Business,Accounting,,78,Research Scientist,
Matric,Commerce,Accounting,CFA Level 1,88,ML Engineer,Matric Commerce Accounting CFA Level 1
Intermediate,Science,"SQL, Python, MS Office",,94,Business Analyst,
Matric,Arts,Counseling,CFA Level 1,63,Business Analyst,Matric Arts Counseling CFA Level 1
Matric,Engineering,Financial Analysis,Creative Writing,83,Software Engineer,Matric Engineering Financial Analysis Creative Writing
Master's,Psychology,"Financial Analysis, Counseling, Communication",AWS Certified,65,Software Engineer,"Master's Psychology Financial Analysis, Counseling, Communication AWS Certified"
Matric,Business,"Financial Analysis, Data Analysis",Tally ERP,93,Research Scientist,"Matric Business Financial Analysis, Data Analysis Tally ERP"
Matric,Finance,Marketing,,86,Business Analyst,
Intermediate,Engineering,"Counseling, MS Office",Tally ERP,94,Business Analyst,"Intermediate Engineering Counseling, MS Office Tally ERP"
PhD,Finance,Machine Learning,Digital Marketing,64,Research Scientist,PhD Finance Machine Learning Digital Marketing
Bachelor's,Arts,Data Analysis,Creative Writing,86,ML Engineer,Bachelor's Arts Data Analysis Creative Writing
Master's,Finance,"Machine Learning, Data Analysis",Creative Writing,68,Business Analyst,"Master's Finance Machine Learning, Data Analysis Creative Writing"
Intermediate,Engineering,Accounting,Digital Marketing,76,ML Engineer,Intermediate Engineering Accounting Digital Marketing
Bachelor's,Computer Science,"Communication, Accounting",Digital Marketing,69,Software Engineer,"Bachelor's Computer Science Communication, Accounting Digital Marketing"
Intermediate,Commerce,Counseling,Digital Marketing,62,ML Engineer,Intermediate Commerce Counseling Digital Marketing
Bachelor's,Science,"SQL, Marketing, Communication",Tally ERP,71,Software Engineer,"Bachelor's Science SQL, Marketing, Communication Tally ERP"
Intermediate,Business,MS Office,Digital Marketing,85,Software Engineer,Intermediate Business MS Office Digital Marketing
Intermediate,Arts,"Python, SQL, Data Analysis",Tally ERP,89,Business Analyst,"Intermediate Arts Python, SQL, Data Analysis Tally ERP"
Intermediate,Science,"Marketing, Accounting, Data Analysis",CFA Level 1,92,ML Engineer,"Intermediate Science Marketing, Accounting, Data Analysis CFA Level 1"
Master's,Arts,"Machine Learning, Financial Analysis, Counseling",Creative Writing,69,Business Analyst,"Master's Arts Machine Learning, Financial Analysis, Counseling Creative Writing"
PhD,Finance,"Machine Learning, Marketing, Counseling",CFA Level 1,63,ML Engineer,"PhD Finance Machine Learning, Marketing, Counseling CFA Level 1"
Bachelor's,Computer Science,"Financial Analysis, Marketing",Tally ERP,83,Research Scientist,"Bachelor's Computer Science Financial Analysis, Marketing Tally ERP"
PhD,Science,"Counseling, Marketing",Tally ERP,82,ML Engineer,"PhD Science Counseling, Marketing Tally ERP"
Intermediate,Engineering,Python,,81,Software Engineer,
Bachelor's,Engineering,"Counseling, MS Office",Creative Writing,72,Software Engineer,"Bachelor's Engineering Counseling, MS Office Creative Writing"
Bachelor's,Arts,Data Analysis,Digital Marketing,69,Research Scientist,Bachelor's Arts Data Analysis Digital Marketing
Bachelor's,Arts,Machine Learning,Digital Marketing,81,Research Scientist,Bachelor's Arts Machine Learning Digital Marketing
Matric,Computer Science,Counseling,CFA Level 1,60,Software Engineer,Matric Computer Science Counseling CFA Level 1
Bachelor's,Psychology,Accounting,AWS Certified,67,Research Scientist,Bachelor's Psychology Accounting AWS Certified
Intermediate,Finance,"Financial Analysis, Communication",Creative Writing,80,Software Engineer,"Intermediate Finance Financial Analysis, Communication Creative Writing"
Bachelor's,Science,Python,CFA Level 1,92,Software Engineer,Bachelor's Science Python CFA Level 1
Bachelor's,Business,Machine Learning,Google Data Analytics,69,Software Engineer,Bachelor's Business Machine Learning Google Data Analytics
Master's,Business,Financial Analysis,Tally ERP,95,ML Engineer,Master's Business Financial Analysis Tally ERP
Master's,Business,"Machine Learning, Accounting",Mental Health Basics,64,ML Engineer,"Master's Business Machine Learning, Accounting Mental Health Basics"
Master's,Computer Science,Communication,Creative Writing,61,ML Engineer,Master's Computer Science Communication Creative Writing
Bachelor's,Arts,"Financial Analysis, Machine Learning",Mental Health Basics,78,Software Engineer,"Bachelor's Arts Financial Analysis, Machine Learning Mental Health Basics"
Intermediate,Psychology,"Machine Learning, Counseling, MS Office",Mental Health Basics,77,ML Engineer,"Intermediate Psychology Machine Learning, Counseling, MS Office Mental Health Basics"
Bachelor's,Psychology,"Data Analysis, Accounting",,76,ML Engineer,
PhD,Engineering,SQL,CFA Level 1,62,ML Engineer,PhD Engineering SQL CFA Level 1
PhD,Engineering,"Marketing, Financial Analysis, Machine Learning",AWS Certified,65,ML Engineer,"PhD Engineering Marketing, Financial Analysis, Machine Learning AWS Certified"
Master's,Computer Science,"SQL, Python",CFA Level 1,72,ML Engineer,"Master's Computer Science SQL, Python CFA Level 1"
Intermediate,Engineering,"Python, Marketing, MS Office",,72,Software Engineer,
PhD,Commerce,Counseling,Digital Marketing,79,Research Scientist,PhD Commerce Counseling Digital Marketing
Intermediate,Science,"Machine Learning, Python, Marketing",Google Data Analytics,67,Software Engineer,"Intermediate Science Machine Learning, Python, Marketing Google Data Analytics"
Intermediate,Computer Science,"Counseling, SQL, MS Office",Google Data Analytics,85,Software Engineer,"Intermediate Computer Science Counseling, SQL, MS Office Google Data Analytics"
Master's,Commerce,Counseling,AWS Certified,71,Research Scientist,Master's Commerce Counseling AWS Certified
PhD,Arts,Machine Learning,Digital Marketing,74,ML Engineer,PhD Arts Machine Learning Digital Marketing
Matric,Business,"Python, Financial Analysis, Machine Learning",Mental Health Basics,82,ML Engineer,"Matric Business Python, Financial Analysis, Machine Learning Mental Health Basics"
Matric,Psychology,"Marketing, Communication",Creative Writing,87,Software Engineer,"Matric Psychology Marketing, Communication Creative Writing"
Master's,Computer Science,"SQL, Financial Analysis",Creative Writing,87,Business Analyst,"Master's Computer Science SQL, Financial Analysis Creative Writing"
Bachelor's,Psychology,Communication,Mental Health Basics,79,ML Engineer,Bachelor's Psychology Communication Mental Health Basics
Master's,Finance,"MS Office, Counseling, Python",Digital Marketing,81,Research Scientist,"Master's Finance MS Office, Counseling, Python Digital Marketing"
Intermediate,Commerce,"Machine Learning, Python, Data Analysis",,63,Research Scientist,
Master's,Arts,"Accounting, MS Office",Mental Health Basics,85,Business Analyst,"Master's Arts Accounting, MS Office Mental Health Basics"
Master's,Computer Science,Machine Learning,Google Data Analytics,62,Software Engineer,Master's Computer Science Machine Learning Google Data Analytics
PhD,Psychology,Marketing,Creative Writing,72,Software Engineer,PhD Psychology Marketing Creative Writing
Bachelor's,Science,Accounting,AWS Certified,86,Business Analyst,Bachelor's Science Accounting AWS Certified
Bachelor's,Arts,"MS Office, Python",Digital Marketing,62,Software Engineer,"Bachelor's Arts MS Office, Python Digital Marketing"
PhD,Psychology,"Communication, Counseling, Accounting",,83,ML Engineer,
Master's,Finance,Data Analysis,CFA Level 1,73,Business Analyst,Master's Finance Data Analysis CFA Level 1
PhD,Science,"Communication, Marketing, Python",Tally ERP,67,Software Engineer,"PhD Science Communication, Marketing, Python Tally ERP"
Master's,Computer Science,Machine Learning,Creative Writing,82,ML Engineer,Master's Computer Science Machine Learning Creative Writing
Bachelor's,Engineering,"Financial Analysis, Machine Learning",AWS Certified,91,Business Analyst,"Bachelor's Engineering Financial Analysis, Machine Learning AWS Certified"
Bachelor's,Business,"MS Office, Communication",,81,Software Engineer,
PhD,Finance,"Communication, Accounting, MS Office",Digital Marketing,91,Business Analyst,"PhD Finance Communication, Accounting, MS Office Digital Marketing"
Matric,Science,SQL,Creative Writing,85,Business Analyst,Matric Science SQL Creative Writing
PhD,Business,Communication,Google Data Analytics,83,Software Engineer,PhD Business Communication Google Data Analytics
Matric,Engineering,Accounting,CFA Level 1,81,Software Engineer,Matric Engineering Accounting CFA Level 1
Intermediate,Commerce,Financial Analysis,Digital Marketing,63,Business Analyst,Intermediate Commerce Financial Analysis Digital Marketing
Matric,Computer Science,"MS Office, Accounting, Data Analysis",CFA Level 1,93,Business Analyst,"Matric Computer Science MS Office, Accounting, Data Analysis CFA Level 1"
PhD,Finance,"Python, Communication, Financial Analysis",Creative Writing,64,Research Scientist,"PhD Finance Python, Communication, Financial Analysis Creative Writing"
Master's,Arts,"Financial Analysis, Machine Learning, Data Analysis",,76,Software Engineer,
Master's,Computer Science,Python,AWS Certified,83,Research Scientist,Master's Computer Science Python AWS Certified
PhD,Computer Science,Machine Learning,Google Data Analytics,79,Business Analyst,PhD Computer Science Machine Learning Google Data Analytics
Matric,Commerce,"Counseling, Communication, Python",Digital Marketing,80,Business Analyst,"Matric Commerce Counseling, Communication, Python Digital Marketing"
PhD,Commerce,"Financial Analysis, Machine Learning, Marketing",Creative Writing,74,ML Engineer,"PhD Commerce Financial Analysis, Machine Learning, Marketing Creative Writing"
Bachelor's,Computer Science,Accounting,Creative Writing,80,Research Scientist,Bachelor's Computer Science Accounting Creative Writing
Bachelor's,Computer Science,Financial Analysis,Creative Writing,61,Business Analyst,Bachelor's Computer Science Financial Analysis Creative Writing
PhD,Psychology,Data Analysis,AWS Certified,79,ML Engineer,PhD Psychology Data Analysis AWS Certified
Intermediate,Arts,"Communication, Financial Analysis, Marketing",Tally ERP,80,Business Analyst,"Intermediate Arts Communication, Financial Analysis, Marketing Tally ERP"
Intermediate,Computer Science,"SQL, Data Analysis, Communication",Mental Health Basics,74,Research Scientist,"Intermediate Computer Science SQL, Data Analysis, Communication Mental Health Basics"
Intermediate,Business,Marketing,CFA Level 1,88,Business Analyst,Intermediate Business Marketing CFA Level 1
Intermediate,Engineering,MS Office,Mental Health Basics,87,ML Engineer,Intermediate Engineering MS Office Mental Health Basics
Bachelor's,Business,MS Office,Digital Marketing,86,Software Engineer,Bachelor's Business MS Office Digital Marketing
Intermediate,Science,"MS Office, Data Analysis",Google Data Analytics,82,Business Analyst,"Intermediate Science MS Office, Data Analysis Google Data Analytics"
Intermediate,Arts,"MS Office, SQL",CFA Level 1,77,Software Engineer,"Intermediate Arts MS Office, SQL CFA Level 1"
Master's,Business,"MS Office, Marketing, Data Analysis",Google Data Analytics,78,ML Engineer,"Master's Business MS Office, Marketing, Data Analysis Google Data Analytics"
Bachelor's,Computer Science,Financial Analysis,Tally ERP,67,Research Scientist,Bachelor's Computer Science Financial Analysis Tally ERP
Bachelor's,Finance,"Marketing, Communication, Machine Learning",,76,Research Scientist,
Intermediate,Computer Science,"SQL, Communication, Marketing",Google Data Analytics,90,Research Scientist,"Intermediate Computer Science SQL, Communication, Marketing Google Data Analytics"
Bachelor's,Computer Science,"Counseling, Financial Analysis, Data Analysis",Google Data Analytics,64,ML Engineer,"Bachelor's Computer Science Counseling, Financial Analysis, Data Analysis Google Data Analytics"
Master's,Engineering,Machine Learning,Tally ERP,89,Research Scientist,Master's Engineering Machine Learning Tally ERP
Matric,Science,Financial Analysis,CFA Level 1,75,ML Engineer,Matric Science Financial Analysis CFA Level 1
PhD,Finance,"Python, Machine Learning, Financial Analysis",Tally ERP,91,Software Engineer,"PhD Finance Python, Machine Learning, Financial Analysis Tally ERP"
Master's,Finance,Python,Digital Marketing,71,Business Analyst,Master's Finance Python Digital Marketing
Master's,Finance,"MS Office, Machine Learning",Google Data Analytics,95,ML Engineer,"Master's Finance MS Office, Machine Learning Google Data Analytics"
Matric,Computer Science,"Communication, Marketing",Digital Marketing,88,Software Engineer,"Matric Computer Science Communication, Marketing Digital Marketing"
PhD,Science,"Accounting, Marketing",,88,Business Analyst,
Intermediate,Computer Science,Accounting,CFA Level 1,62,Research Scientist,Intermediate Computer Science Accounting CFA Level 1
Master's,Commerce,"Financial Analysis, Marketing, MS Office",Mental Health Basics,69,Software Engineer,"Master's Commerce Financial Analysis, Marketing, MS Office Mental Health Basics"
PhD,Finance,Financial Analysis,Digital Marketing,63,Software Engineer,PhD Finance Financial Analysis Digital Marketing
Master's,Business,"Counseling, MS Office, Machine Learning",AWS Certified,83,Research Scientist,"Master's Business Counseling, MS Office, Machine Learning AWS Certified"
Master's,Finance,Marketing,Tally ERP,79,Research Scientist,Master's Finance Marketing Tally ERP
Intermediate,Computer Science,MS Office,Google Data Analytics,69,ML Engineer,Intermediate Computer Science MS Office Google Data Analytics
Bachelor's,Business,"Counseling, Python",,72,Business Analyst,
Bachelor's,Business,"Python, SQL, MS Office",AWS Certified,67,Software Engineer,"Bachelor's Business Python, SQL, MS Office AWS Certified"
Master's,Psychology,Financial Analysis,,64,Research Scientist,
Matric,Commerce,"Communication, Accounting",Tally ERP,77,Business Analyst,"Matric Commerce Communication, Accounting Tally ERP"
Matric,Arts,"MS Office, Data Analysis",,87,Business Analyst,
Master's,Commerce,Marketing,CFA Level 1,95,Research Scientist,Master's Commerce Marketing CFA Level 1
Matric,Engineering,"Marketing, Python, Communication",CFA Level 1,64,Software Engineer,"Matric Engineering Marketing, Python, Communication CFA Level 1"
Master's,Commerce,"Communication, Financial Analysis, Marketing",Google Data Analytics,87,Business Analyst,"Master's Commerce Communication, Financial Analysis, Marketing Google Data Analytics"
Intermediate,Engineering,"Machine Learning, Python, Data Analysis",Digital Marketing,64,Research Scientist,"Intermediate Engineering Machine Learning, Python, Data Analysis Digital Marketing"
Bachelor's,Computer Science,"Accounting, Communication, SQL",Mental Health Basics,62,Business Analyst,"Bachelor's Computer Science Accounting, Communication, SQL Mental Health Basics"
Master's,Computer Science,Accounting,CFA Level 1,82,Software Engineer,Master's Computer Science Accounting CFA Level 1
Intermediate,Commerce,"Machine Learning, Accounting, Financial Analysis",Digital Marketing,86,Research Scientist,"Intermediate Commerce Machine Learning, Accounting, Financial Analysis Digital Marketing"
PhD,Commerce,"SQL, Accounting",AWS Certified,69,Software Engineer,"PhD Commerce SQL, Accounting AWS Certified"
Matric,Science,"Python, Machine Learning, Counseling",Tally ERP,79,Business Analyst,"Matric Science Python, Machine Learning, Counseling Tally ERP"
Intermediate,Commerce,"SQL, Communication",Tally ERP,63,Research Scientist,"Intermediate Commerce SQL, Communication Tally ERP"
PhD,Engineering,Counseling,,82,Research Scientist,
Bachelor's,Psychology,Machine Learning,Mental Health Basics,83,Research Scientist,Bachelor's Psychology Machine Learning Mental Health Basics
Bachelor's,Psychology,"MS Office, Accounting, Data Analysis",Mental Health Basics,71,ML Engineer,"Bachelor's Psychology MS Office, Accounting, Data Analysis Mental Health Basics"
Bachelor's,Engineering,"Counseling, Data Analysis",Google Data Analytics,79,ML Engineer,"Bachelor's Engineering Counseling, Data Analysis Google Data Analytics"
Bachelor's,Finance,"Communication, SQL",Creative Writing,74,ML Engineer,"Bachelor's Finance Communication, SQL Creative Writing"
Master's,Engineering,"Communication, SQL, Financial Analysis",,73,ML Engineer,
PhD,Engineering,"Marketing, Financial Analysis, Python",CFA Level 1,63,Software Engineer,"PhD Engineering Marketing, Financial Analysis, Python CFA Level 1"
Matric,Commerce,"Marketing, Financial Analysis",,83,Business Analyst,
Matric,Commerce,"SQL, Data Analysis, Financial Analysis",,87,Research Scientist,
Master's,Arts,SQL,Mental Health Basics,80,ML Engineer,Master's Arts SQL Mental Health Basics
Bachelor's,Science,"SQL, Marketing",AWS Certified,60,Software Engineer,"Bachelor's Science SQL, Marketing AWS Certified"
Master's,Psychology,Communication,Digital Marketing,90,Business Analyst,Master's Psychology Communication Digital Marketing
PhD,Computer Science,"Communication, Marketing",Mental Health Basics,90,Research Scientist,"PhD Computer Science Communication, Marketing Mental Health Basics"
Matric,Arts,SQL,,75,Research Scientist,
Master's,Finance,Accounting,Google Data Analytics,84,Research Scientist,Master's Finance Accounting Google Data Analytics
Master's,Finance,"Accounting, Counseling",CFA Level 1,67,Software Engineer,"Master's Finance Accounting, Counseling CFA Level 1"
Bachelor's,Finance,"Accounting, Machine Learning, Counseling",,64,Software Engineer,
PhD,Science,"MS Office, Counseling, SQL",CFA Level 1,71,ML Engineer,"PhD Science MS Office, Counseling, SQL CFA Level 1"
PhD,Commerce,"MS Office, Financial Analysis",CFA Level 1,81,Business Analyst,"PhD Commerce MS Office, Financial Analysis CFA Level 1"
Matric,Psychology,Machine Learning,Creative Writing,86,Business Analyst,Matric Psychology Machine Learning Creative Writing
PhD,Commerce,SQL,,86,Software Engineer,
Bachelor's,Engineering,"Machine Learning, Financial Analysis, Accounting",CFA Level 1,60,Research Scientist,"Bachelor's Engineering Machine Learning, Financial Analysis, Accounting CFA Level 1"
Master's,Finance,"Python, Data Analysis, Financial Analysis",CFA Level 1,79,Research Scientist,"Master's Finance Python, Data Analysis, Financial Analysis CFA Level 1"
PhD,Arts,"Counseling, MS Office, Marketing",CFA Level 1,71,Software Engineer,"PhD Arts Counseling, MS Office, Marketing CFA Level 1"
Matric,Engineering,"Marketing, Communication, Accounting",Creative Writing,73,Business Analyst,"Matric Engineering Marketing, Communication, Accounting Creative Writing"
PhD,Psychology,SQL,Google Data Analytics,61,ML Engineer,PhD Psychology SQL Google Data Analytics
Intermediate,Business,"Accounting, Communication, SQL",AWS Certified,87,ML Engineer,"Intermediate Business Accounting, Communication, SQL AWS Certified"
Matric,Psychology,Accounting,Google Data Analytics,63,Software Engineer,Matric Psychology Accounting Google Data Analytics
PhD,Arts,SQL,Digital Marketing,71,Software Engineer,PhD Arts SQL Digital Marketing
PhD,Science,"MS Office, Marketing, Python",Mental Health Basics,79,Research Scientist,"PhD Science MS Office, Marketing, Python Mental Health Basics"
Matric,Engineering,"Counseling, Python",Google Data Analytics,69,Research Scientist,"Matric Engineering Counseling, Python Google Data Analytics"
Bachelor's,Computer Science,"Financial Analysis, Machine Learning",Tally ERP,65,Business Analyst,"Bachelor's Computer Science Financial Analysis, Machine Learning Tally ERP"
Master's,Science,"Communication, Accounting",,78,Research Scientist,
Bachelor's,Arts,"Python, Communication",CFA Level 1,91,Software Engineer,"Bachelor's Arts Python, Communication CFA Level 1"
Master's,Finance,MS Office,Digital Marketing,93,Software Engineer,Master's Finance MS Office Digital Marketing
Master's,Computer Science,"Data Analysis, Accounting, Counseling",Mental Health Basics,67,Research Scientist,"Master's Computer Science Data Analysis, Accounting, Counseling Mental Health Basics"
Matric,Engineering,"Data Analysis, SQL, Financial Analysis",Google Data Analytics,95,Research Scientist,"Matric Engineering Data Analysis, SQL, Financial Analysis Google Data Analytics"
Master's,Commerce,"Data Analysis, Machine Learning",Digital Marketing,60,Software Engineer,"Master's Commerce Data Analysis, Machine Learning Digital Marketing"
PhD,Psychology,"Data Analysis, Accounting",Creative Writing,68,Software Engineer,"PhD Psychology Data Analysis, Accounting Creative Writing"
Master's,Engineering,"Data Analysis, Machine Learning, Communication",,72,ML Engineer,
Matric,Engineering,"SQL, Accounting",Mental Health Basics,90,Software Engineer,"Matric Engineering SQL, Accounting Mental Health Basics"
Intermediate,Business,"Counseling, Python",Creative Writing,80,ML Engineer,"Intermediate Business Counseling, Python Creative Writing"
Master's,Business,"SQL, Data Analysis, Financial Analysis",Mental Health Basics,83,Software Engineer,"Master's Business SQL, Data Analysis, Financial Analysis Mental Health Basics"
Master's,Engineering,Financial Analysis,AWS Certified,84,Software Engineer,Master's Engineering Financial Analysis AWS Certified
Matric,Psychology,Data Analysis,Digital Marketing,71,Research Scientist,Matric Psychology Data Analysis Digital Marketing
Matric,Commerce,MS Office,Google Data Analytics,84,Research Scientist,Matric Commerce MS Office Google Data Analytics
PhD,Computer Science,"Financial Analysis, MS Office, SQL",AWS Certified,69,Research Scientist,"PhD Computer Science Financial Analysis, MS Office, SQL AWS Certified"
PhD,Science,"Financial Analysis, MS Office, Communication",Tally ERP,62,ML Engineer,"PhD Science Financial Analysis, MS Office, Communication Tally ERP"
Intermediate,Arts,"Data Analysis, Financial Analysis, Accounting",,62,Business Analyst,
Matric,Engineering,"Counseling, Data Analysis, Machine Learning",Tally ERP,69,ML Engineer,"Matric Engineering Counseling, Data Analysis, Machine Learning Tally ERP"
Intermediate,Business,Financial Analysis,Digital Marketing,61,ML Engineer,Intermediate Business Financial Analysis Digital Marketing
Master's,Computer Science,"Accounting, Marketing",CFA Level 1,81,ML Engineer,"Master's Computer Science Accounting, Marketing CFA Level 1"
Bachelor's,Engineering,"Accounting, Python, Machine Learning",CFA Level 1,94,ML Engineer,"Bachelor's Engineering Accounting, Python, Machine Learning CFA Level 1"
Bachelor's,Psychology,"Machine Learning, Marketing, Accounting",Creative Writing,70,Software Engineer,"Bachelor's Psychology Machine Learning, Marketing, Accounting Creative Writing"
Matric,Arts,Counseling,AWS Certified,79,Research Scientist,Matric Arts Counseling AWS Certified
Intermediate,Engineering,"Communication, MS Office",Google Data Analytics,92,Research Scientist,"Intermediate Engineering Communication, MS Office Google Data Analytics"
Intermediate,Commerce,"Marketing, Counseling, Data Analysis",Tally ERP,79,Research Scientist,"Intermediate Commerce Marketing, Counseling, Data Analysis Tally ERP"
Bachelor's,Finance,"Accounting, SQL",,86,ML Engineer,
Bachelor's,Psychology,Communication,Creative Writing,69,Software Engineer,Bachelor's Psychology Communication Creative Writing
Intermediate,Finance,"Python, Communication, Counseling",Digital Marketing,77,ML Engineer,"Intermediate Finance Python, Communication, Counseling Digital Marketing"
Intermediate,Arts,Accounting,,94,Business Analyst,
Intermediate,Psychology,Accounting,Google Data Analytics,77,Business Analyst,Intermediate Psychology Accounting Google Data Analytics
Master's,Finance,MS Office,CFA Level 1,85,Business Analyst,Master's Finance MS Office CFA Level 1
Matric,Commerce,"Machine Learning, Marketing",,76,ML Engineer,
Master's,Business,Communication,Mental Health Basics,60,ML Engineer,Master's Business Communication Mental Health Basics
Intermediate,Arts,"Communication, MS Office",,86,ML Engineer,
Matric,Commerce,"MS Office, Accounting",,80,Research Scientist,
Intermediate,Arts,Data Analysis,Tally ERP,72,Research Scientist,Intermediate Arts Data Analysis Tally ERP
PhD,Business,Counseling,Tally ERP,82,ML Engineer,PhD Business Counseling Tally ERP
Master's,Computer Science,"SQL, Python, Data Analysis",Mental Health Basics,69,Software Engineer,"Master's Computer Science SQL, Python, Data Analysis Mental Health Basics"
Intermediate,Engineering,"Python, Financial Analysis",Mental Health Basics,65,Software Engineer,"Intermediate Engineering Python, Financial Analysis Mental Health Basics"
Intermediate,Computer Science,"Data Analysis, Marketing",Mental Health Basics,84,Software Engineer,"Intermediate Computer Science Data Analysis, Marketing Mental Health Basics"
Intermediate,Computer Science,Machine Learning,Creative Writing,87,Research Scientist,Intermediate Computer Science Machine Learning Creative Writing
Master's,Engineering,Communication,AWS Certified,84,Business Analyst,Master's Engineering Communication AWS Certified
Master's,Psychology,"Accounting, Marketing",Google Data Analytics,86,Research Scientist,"Master's Psychology Accounting, Marketing Google Data Analytics"
Master's,Psychology,Data Analysis,Creative Writing,81,ML Engineer,Master's Psychology Data Analysis Creative Writing
Bachelor's,Business,"Accounting, Marketing, MS Office",Mental Health Basics,92,Software Engineer,"Bachelor's Business Accounting, Marketing, MS Office Mental Health Basics"
PhD,Finance,"Accounting, Machine Learning",CFA Level 1,69,Software Engineer,"PhD Finance Accounting, Machine Learning CFA Level 1"
Matric,Science,Python,CFA Level 1,89,Business Analyst,Matric Science Python CFA Level 1
PhD,Psychology,Data Analysis,Google Data Analytics,76,ML Engineer,PhD Psychology Data Analysis Google Data Analytics
Bachelor's,Finance,"Python, Communication, Machine Learning",CFA Level 1,68,Software Engineer,"Bachelor's Finance Python, Communication, Machine Learning CFA Level 1"
PhD,Science,"Communication, Accounting",Mental Health Basics,92,ML Engineer,"PhD Science Communication, Accounting Mental Health Basics"
Bachelor's,Finance,"Counseling, SQL, Machine Learning",Creative Writing,87,ML Engineer,"Bachelor's Finance Counseling, SQL, Machine Learning Creative Writing"
Matric,Engineering,Marketing,Tally ERP,61,ML Engineer,Matric Engineering Marketing Tally ERP
Matric,Science,Accounting,Google Data Analytics,94,ML Engineer,Matric Science Accounting Google Data Analytics
Master's,Science,"Data Analysis, Accounting, Financial Analysis",CFA Level 1,76,ML Engineer,"Master's Science Data Analysis, Accounting, Financial Analysis CFA Level 1"
Intermediate,Psychology,"Accounting, Communication",,66,Business Analyst,
Matric,Psychology,Counseling,Digital Marketing,80,Software Engineer,Matric Psychology Counseling Digital Marketing
PhD,Engineering,"Accounting, Python",Digital Marketing,65,Research Scientist,"PhD Engineering Accounting, Python Digital Marketing"
Intermediate,Psychology,"Data Analysis, SQL",,80,Software Engineer,
Matric,Business,"Data Analysis, Counseling, Financial Analysis",Creative Writing,89,Software Engineer,"Matric Business Data Analysis, Counseling, Financial Analysis Creative Writing"
Intermediate,Engineering,SQL,AWS Certified,94,Business Analyst,Intermediate Engineering SQL AWS Certified
PhD,Commerce,Financial Analysis,CFA Level 1,95,Software Engineer,PhD Commerce Financial Analysis CFA Level 1
Bachelor's,Finance,"Marketing, Counseling, MS Office",Creative Writing,82,Software Engineer,"Bachelor's Finance Marketing, Counseling, MS Office Creative Writing"
Master's,Engineering,"SQL, Financial Analysis",Creative Writing,82,Software Engineer,"Master's Engineering SQL, Financial Analysis Creative Writing"
Master's,Engineering,"Communication, Counseling, MS Office",Creative Writing,72,Business Analyst,"Master's Engineering Communication, Counseling, MS Office Creative Writing"
Bachelor's,Engineering,Financial Analysis,Digital Marketing,67,Research Scientist,Bachelor's Engineering Financial Analysis Digital Marketing
PhD,Psychology,"MS Office, SQL",Mental Health Basics,81,ML Engineer,"PhD Psychology MS Office, SQL Mental Health Basics"
Bachelor's,Arts,"MS Office, Financial Analysis, Python",Mental Health Basics,91,ML Engineer,"Bachelor's Arts MS Office, Financial Analysis, Python Mental Health Basics"
Bachelor's,Engineering,"Accounting, SQL",Digital Marketing,75,Business Analyst,"Bachelor's Engineering Accounting, SQL Digital Marketing"
Master's,Psychology,"MS Office, Machine Learning, SQL",Digital Marketing,60,Software Engineer,"Master's Psychology MS Office, Machine Learning, SQL Digital Marketing"
Bachelor's,Finance,"Python, MS Office",AWS Certified,81,ML Engineer,"Bachelor's Finance Python, MS Office AWS Certified"
Matric,Engineering,Machine Learning,Mental Health Basics,87,ML Engineer,Matric Engineering Machine Learning Mental Health Basics
Master's,Finance,"Counseling, Marketing, Communication",,79,Research Scientist,
Intermediate,Engineering,"MS Office, Counseling, Data Analysis",Google Data Analytics,88,ML Engineer,"Intermediate Engineering MS Office, Counseling, Data Analysis Google Data Analytics"
Bachelor's,Psychology,"Financial Analysis, SQL, Accounting",Mental Health Basics,60,Software Engineer,"Bachelor's Psychology Financial Analysis, SQL, Accounting Mental Health Basics"
Master's,Business,"Machine Learning, Accounting",Tally ERP,70,ML Engineer,"Master's Business Machine Learning, Accounting Tally ERP"
Matric,Science,"Data Analysis, Python",AWS Certified,62,Research Scientist,"Matric Science Data Analysis, Python AWS Certified"
Intermediate,Finance,Communication,AWS Certified,81,Software Engineer,Intermediate Finance Communication AWS Certified
Matric,Psychology,"SQL, MS Office",Mental Health Basics,74,Business Analyst,"Matric Psychology SQL, MS Office Mental Health Basics"
PhD,Engineering,"Marketing, SQL, Communication",Mental Health Basics,63,Business Analyst,"PhD Engineering Marketing, SQL, Communication Mental Health Basics"
Bachelor's,Psychology,Accounting,Google Data Analytics,67,Business Analyst,Bachelor's Psychology Accounting Google Data Analytics
PhD,Commerce,"Machine Learning, Python",Digital Marketing,72,Business Analyst,"PhD Commerce Machine Learning, Python Digital Marketing"
Matric,Business,"Python, Accounting, Communication",Tally ERP,87,Software Engineer,"Matric Business Python, Accounting, Communication Tally ERP"
PhD,Business,"Counseling, Python",,93,Software Engineer,
PhD,Arts,"MS Office, Marketing",Mental Health Basics,75,Business Analyst,"PhD Arts MS Office, Marketing Mental Health Basics"
Bachelor's,Science,"Financial Analysis, Machine Learning, MS Office",,91,Software Engineer,
Intermediate,Business,Machine Learning,AWS Certified,94,Business Analyst,Intermediate Business Machine Learning AWS Certified
Intermediate,Psychology,Counseling,Google Data Analytics,93,Business Analyst,Intermediate Psychology Counseling Google Data Analytics
PhD,Business,"Accounting, Marketing, Financial Analysis",Tally ERP,90,Software Engineer,"PhD Business Accounting, Marketing, Financial Analysis Tally ERP"
Matric,Arts,"Marketing, SQL, Financial Analysis",CFA Level 1,66,Research Scientist,"Matric Arts Marketing, SQL, Financial Analysis CFA Level 1"
Matric,Arts,Python,Digital Marketing,64,ML Engineer,Matric Arts Python Digital Marketing
Master's,Arts,"Machine Learning, Marketing, Accounting",AWS Certified,77,ML Engineer,"Master's Arts Machine Learning, Marketing, Accounting AWS Certified"
PhD,Psychology,"SQL, MS Office",Digital Marketing,83,Software Engineer,"PhD Psychology SQL, MS Office Digital Marketing"
Bachelor's,Business,"Communication, Marketing",CFA Level 1,82,Business Analyst,"Bachelor's Business Communication, Marketing CFA Level 1"
Matric,Finance,"Accounting, MS Office",Digital Marketing,81,Business Analyst,"Matric Finance Accounting, MS Office Digital Marketing"
Master's,Computer Science,Python,Google Data Analytics,85,Software Engineer,Master's Computer Science Python Google Data Analytics
Bachelor's,Business,Communication,AWS Certified,70,Software Engineer,Bachelor's Business Communication AWS Certified
Matric,Business,Python,Google Data Analytics,60,Software Engineer,Matric Business Python Google Data Analytics
Intermediate,Business,"Financial Analysis, SQL",Tally ERP,83,Software Engineer,"Intermediate Business Financial Analysis, SQL Tally ERP"
Master's,Finance,Python,Digital Marketing,82,ML Engineer,Master's Finance Python Digital Marketing
Matric,Finance,"Communication, Marketing",Digital Marketing,80,Research Scientist,"Matric Finance Communication, Marketing Digital Marketing"
Master's,Science,"Python, Counseling",,62,Business Analyst,
Master's,Computer Science,"Machine Learning, SQL",Mental Health Basics,86,ML Engineer,"Master's Computer Science Machine Learning, SQL Mental Health Basics"
Intermediate,Business,"MS Office, Python",Digital Marketing,93,Business Analyst,"Intermediate Business MS Office, Python Digital Marketing"
Intermediate,Commerce,SQL,Tally ERP,60,ML Engineer,Intermediate Commerce SQL Tally ERP
Master's,Finance,Communication,Mental Health Basics,91,Software Engineer,Master's Finance Communication Mental Health Basics
Master's,Psychology,"Marketing, Communication",Tally ERP,80,Research Scientist,"Master's Psychology Marketing, Communication Tally ERP"
Bachelor's,Engineering,"MS Office, Marketing, Python",Digital Marketing,78,Software Engineer,"Bachelor's Engineering MS Office, Marketing, Python Digital Marketing"
Master's,Psychology,"Python, Marketing, Communication",Google Data Analytics,80,ML Engineer,"Master's Psychology Python, Marketing, Communication Google Data Analytics"
Intermediate,Engineering,"SQL, Counseling, Communication",Digital Marketing,82,Research Scientist,"Intermediate Engineering SQL, Counseling, Communication Digital Marketing"
Bachelor's,Finance,"SQL, Financial Analysis, Marketing",Digital Marketing,75,Business Analyst,"Bachelor's Finance SQL, Financial Analysis, Marketing Digital Marketing"
PhD,Psychology,Financial Analysis,Tally ERP,81,Business Analyst,PhD Psychology Financial Analysis Tally ERP
PhD,Science,"MS Office, Marketing",Digital Marketing,81,Software Engineer,"PhD Science MS Office, Marketing Digital Marketing"
Bachelor's,Engineering,"Python, Marketing",Mental Health Basics,86,Software Engineer,"Bachelor's Engineering Python, Marketing Mental Health Basics"
PhD,Commerce,"Counseling, Data Analysis",Mental Health Basics,92,Business Analyst,"PhD Commerce Counseling, Data Analysis Mental Health Basics"
Master's,Finance,Data Analysis,Creative Writing,68,Research Scientist,Master's Finance Data Analysis Creative Writing
Intermediate,Finance,"Counseling, Python",AWS Certified,76,Business Analyst,"Intermediate Finance Counseling, Python AWS Certified"
Master's,Commerce,"Counseling, Python, Marketing",Tally ERP,95,ML Engineer,"Master's Commerce Counseling, Python, Marketing Tally ERP"
Bachelor's,Business,Financial Analysis,Creative Writing,74,Software Engineer,Bachelor's Business Financial Analysis Creative Writing
Master's,Engineering,"Marketing, Python, Machine Learning",Creative Writing,72,Research Scientist,"Master's Engineering Marketing, Python, Machine Learning Creative Writing"
Intermediate,Science,"Machine Learning, Python, Marketing",Tally ERP,85,ML Engineer,"Intermediate Science Machine Learning, Python, Marketing Tally ERP"
Matric,Business,"Communication, Financial Analysis, SQL",Tally ERP,66,Software Engineer,"Matric Business Communication, Financial Analysis, SQL Tally ERP"
Bachelor's,Engineering,"Data Analysis, Marketing",Digital Marketing,80,Business Analyst,"Bachelor's Engineering Data Analysis, Marketing Digital Marketing"
Matric,Science,MS Office,,71,Research Scientist,
Matric,Psychology,"Financial Analysis, Data Analysis",Digital Marketing,69,ML Engineer,"Matric Psychology Financial Analysis, Data Analysis Digital Marketing"
Matric,Arts,Data Analysis,Mental Health Basics,69,Research Scientist,Matric Arts Data Analysis Mental Health Basics
PhD,Science,"SQL, Communication, Machine Learning",Google Data Analytics,63,Research Scientist,"PhD Science SQL, Communication, Machine Learning Google Data Analytics"
PhD,Engineering,Data Analysis,,79,Business Analyst,
Intermediate,Psychology,"Machine Learning, Communication",Digital Marketing,89,ML Engineer,"Intermediate Psychology Machine Learning, Communication Digital Marketing"
PhD,Business,"SQL, MS Office, Financial Analysis",Mental Health Basics,82,Business Analyst,"PhD Business SQL, MS Office, Financial Analysis Mental Health Basics"
Bachelor's,Business,SQL,Google Data Analytics,71,ML Engineer,Bachelor's Business SQL Google Data Analytics
Intermediate,Business,Marketing,Mental Health Basics,68,Business Analyst,Intermediate Business Marketing Mental Health Basics
Intermediate,Computer Science,MS Office,Tally ERP,61,ML Engineer,Intermediate Computer Science MS Office Tally ERP
Matric,Computer Science,"SQL, Marketing, Counseling",Creative Writing,72,Business Analyst,"Matric Computer Science SQL, Marketing, Counseling Creative Writing"
Master's,Business,Machine Learning,Google Data Analytics,61,Business Analyst,Master's Business Machine Learning Google Data Analytics
Intermediate,Psychology,"Financial Analysis, Counseling",Digital Marketing,80,ML Engineer,"Intermediate Psychology Financial Analysis, Counseling Digital Marketing"
Intermediate,Arts,"Communication, Python, Machine Learning",CFA Level 1,79,Business Analyst,"Intermediate Arts Communication, Python, Machine Learning CFA Level 1"
Matric,Arts,"Machine Learning, Python",Tally ERP,85,Business Analyst,"Matric Arts Machine Learning, Python Tally ERP"
Master's,Engineering,"SQL, Accounting",AWS Certified,78,Research Scientist,"Master's Engineering SQL, Accounting AWS Certified"
PhD,Science,Marketing,,77,Research Scientist,
Matric,Finance,"Financial Analysis, Accounting, Counseling",Tally ERP,84,Software Engineer,"Matric Finance Financial Analysis, Accounting, Counseling Tally ERP"
Matric,Psychology,Counseling,Creative Writing,61,ML Engineer,Matric Psychology Counseling Creative Writing
Master's,Science,Data Analysis,Tally ERP,70,ML Engineer,Master's Science Data Analysis Tally ERP
PhD,Psychology,"Marketing, Python, Communication",AWS Certified,83,Research Scientist,"PhD Psychology Marketing, Python, Communication AWS Certified"
PhD,Computer Science,"Machine Learning, Financial Analysis",CFA Level 1,94,ML Engineer,"PhD Computer Science Machine Learning, Financial Analysis CFA Level 1"
Bachelor's,Business,"MS Office, Financial Analysis, SQL",Mental Health Basics,89,Research Scientist,"Bachelor's Business MS Office, Financial Analysis, SQL Mental Health Basics"
Bachelor's,Finance,"Data Analysis, Marketing, Communication",Digital Marketing,83,Software Engineer,"Bachelor's Finance Data Analysis, Marketing, Communication Digital Marketing"
Matric,Business,"Machine Learning, Data Analysis",Creative Writing,62,Research Scientist,"Matric Business Machine Learning, Data Analysis Creative Writing"
PhD,Engineering,"Marketing, SQL",Mental Health Basics,62,Software Engineer,"PhD Engineering Marketing, SQL Mental Health Basics"
PhD,Commerce,Financial Analysis,Mental Health Basics,87,ML Engineer,PhD Commerce Financial Analysis Mental Health Basics
Bachelor's,Psychology,"SQL, Communication, Machine Learning",Mental Health Basics,63,Business Analyst,"Bachelor's Psychology SQL, Communication, Machine Learning Mental Health Basics"
Master's,Science,"Accounting, MS Office",Mental Health Basics,68,ML Engineer,"Master's Science Accounting, MS Office Mental Health Basics"
Master's,Computer Science,SQL,,63,Research Scientist,
Intermediate,Arts,Accounting,AWS Certified,75,ML Engineer,Intermediate Arts Accounting AWS Certified
Bachelor's,Psychology,"Communication, Data Analysis",Mental Health Basics,92,Business Analyst,"Bachelor's Psychology Communication, Data Analysis Mental Health Basics"
Intermediate,Science,"Counseling, Communication, Financial Analysis",Digital Marketing,86,ML Engineer,"Intermediate Science Counseling, Communication, Financial Analysis Digital Marketing"
Intermediate,Computer Science,"MS Office, Python, Counseling",Creative Writing,95,ML Engineer,"Intermediate Computer Science MS Office, Python, Counseling Creative Writing"
Master's,Arts,"Communication, Machine Learning",Google Data Analytics,84,Software Engineer,"Master's Arts Communication, Machine Learning Google Data Analytics"
Bachelor's,Psychology,"Accounting, Machine Learning, Financial Analysis",Mental Health Basics,62,Software Engineer,"Bachelor's Psychology Accounting, Machine Learning, Financial Analysis Mental Health Basics"
Intermediate,Business,Python,Mental Health Basics,68,ML Engineer,Intermediate Business Python Mental Health Basics
Bachelor's,Business,"Communication, Accounting",Tally ERP,68,Business Analyst,"Bachelor's Business Communication, Accounting Tally ERP"
Intermediate,Business,"Financial Analysis, Machine Learning, Marketing",AWS Certified,70,ML Engineer,"Intermediate Business Financial Analysis, Machine Learning, Marketing AWS Certified"
Matric,Business,"SQL, Data Analysis",Tally ERP,92,Software Engineer,"Matric Business SQL, Data Analysis Tally ERP"
Bachelor's,Finance,"Accounting, Data Analysis, MS Office",Creative Writing,73,Business Analyst,"Bachelor's Finance Accounting, Data Analysis, MS Office Creative Writing"
PhD,Computer Science,Communication,Tally ERP,91,Business Analyst,PhD Computer Science Communication Tally ERP
Bachelor's,Psychology,"Machine Learning, Accounting",Google Data Analytics,70,ML Engineer,"Bachelor's Psychology Machine Learning, Accounting Google Data Analytics"
Bachelor's,Computer Science,"MS Office, Accounting",Mental Health Basics,61,Software Engineer,"Bachelor's Computer Science MS Office, Accounting Mental Health Basics"
PhD,Science,Financial Analysis,CFA Level 1,76,Software Engineer,PhD Science Financial Analysis CFA Level 1
PhD,Finance,"Marketing, Python",Creative Writing,74,Software Engineer,"PhD Finance Marketing, Python Creative Writing"
Bachelor's,Psychology,"Python, Accounting",CFA Level 1,72,Business Analyst,"Bachelor's Psychology Python, Accounting CFA Level 1"
Bachelor's,Science,"MS Office, Python, Counseling",Digital Marketing,87,ML Engineer,"Bachelor's Science MS Office, Python, Counseling Digital Marketing"
PhD,Engineering,"Python, Marketing, Communication",Mental Health Basics,62,Software Engineer,"PhD Engineering Python, Marketing, Communication Mental Health Basics"
PhD,Finance,MS Office,Google Data Analytics,78,Business Analyst,PhD Finance MS Office Google Data Analytics
Matric,Business,"Counseling, Data Analysis",Mental Health Basics,93,Business Analyst,"Matric Business Counseling, Data Analysis Mental Health Basics"
Intermediate,Science,Financial Analysis,Creative Writing,85,ML Engineer,Intermediate Science Financial Analysis Creative Writing
Intermediate,Computer Science,"Machine Learning, Financial Analysis, Accounting",Mental Health Basics,92,ML Engineer,"Intermediate Computer Science Machine Learning, Financial Analysis, Accounting Mental Health Basics"
PhD,Engineering,"SQL, Python",CFA Level 1,83,ML Engineer,"PhD Engineering SQL, Python CFA Level 1"
Intermediate,Business,"Communication, SQL, Machine Learning",,71,ML Engineer,
Intermediate,Engineering,SQL,Digital Marketing,81,Software Engineer,Intermediate Engineering SQL Digital Marketing
Intermediate,Computer Science,"Python, Communication",CFA Level 1,70,Business Analyst,"Intermediate Computer Science Python, Communication CFA Level 1"
PhD,Computer Science,"Machine Learning, MS Office, Accounting",,72,Software Engineer,
PhD,Arts,"Financial Analysis, SQL, Machine Learning",,85,Business Analyst,
Intermediate,Finance,"SQL, Communication, MS Office",CFA Level 1,65,Research Scientist,"Intermediate Finance SQL, Communication, MS Office CFA Level 1"
Bachelor's,Psychology,Communication,Google Data Analytics,69,Research Scientist,Bachelor's Psychology Communication Google Data Analytics
PhD,Computer Science,Financial Analysis,Google Data Analytics,79,Business Analyst,PhD Computer Science Financial Analysis Google Data Analytics
Intermediate,Arts,"Python, Marketing, Machine Learning",Tally ERP,77,Software Engineer,"Intermediate Arts Python, Marketing, Machine Learning Tally ERP"
Master's,Psychology,"Communication, Marketing, Python",Mental Health Basics,92,ML Engineer,"Master's Psychology Communication, Marketing, Python Mental Health Basics"
PhD,Business,"Accounting, Marketing, Counseling",CFA Level 1,81,Research Scientist,"PhD Business Accounting, Marketing, Counseling CFA Level 1"
Matric,Computer Science,Machine Learning,,63,Software Engineer,
Matric,Arts,"Marketing, Accounting, SQL",Creative Writing,61,Research Scientist,"Matric Arts Marketing, Accounting, SQL Creative Writing"
Bachelor's,Psychology,SQL,Digital Marketing,61,Software Engineer,Bachelor's Psychology SQL Digital Marketing
PhD,Psychology,"SQL, Machine Learning, Financial Analysis",Mental Health Basics,94,ML Engineer,"PhD Psychology SQL, Machine Learning, Financial Analysis Mental Health Basics"
Master's,Business,"Financial Analysis, MS Office",Google Data Analytics,64,ML Engineer,"Master's Business Financial Analysis, MS Office Google Data Analytics"
Matric,Commerce,Financial Analysis,Tally ERP,77,Software Engineer,Matric Commerce Financial Analysis Tally ERP
Master's,Engineering,"SQL, Communication, Python",Digital Marketing,86,Research Scientist,"Master's Engineering SQL, Communication, Python Digital Marketing"
Matric,Business,"MS Office, Data Analysis, Marketing",Creative Writing,75,Research Scientist,"Matric Business MS Office, Data Analysis, Marketing Creative Writing"
Intermediate,Computer Science,"Counseling, MS Office, Accounting",Google Data Analytics,90,ML Engineer,"Intermediate Computer Science Counseling, MS Office, Accounting Google Data Analytics"
PhD,Business,"Counseling, Marketing, Python",Creative Writing,69,Software Engineer,"PhD Business Counseling, Marketing, Python Creative Writing"
PhD,Psychology,"Financial Analysis, Counseling",AWS Certified,78,Research Scientist,"PhD Psychology Financial Analysis, Counseling AWS Certified"
Matric,Commerce,"Marketing, Machine Learning",Google Data Analytics,95,Business Analyst,"Matric Commerce Marketing, Machine Learning Google Data Analytics"
PhD,Business,"Python, Accounting",AWS Certified,69,Software Engineer,"PhD Business Python, Accounting AWS Certified"
Bachelor's,Engineering,"Marketing, MS Office",AWS Certified,69,Software Engineer,"Bachelor's Engineering Marketing, MS Office AWS Certified"
Intermediate,Arts,Data Analysis,Digital Marketing,60,ML Engineer,Intermediate Arts Data Analysis Digital Marketing
Matric,Finance,"Marketing, MS Office, Counseling",,79,ML Engineer,
Bachelor's,Engineering,"Communication, Financial Analysis",Creative Writing,84,Research Scientist,"Bachelor's Engineering Communication, Financial Analysis Creative Writing"
Intermediate,Computer Science,"Financial Analysis, Accounting",AWS Certified,94,Software Engineer,"Intermediate Computer Science Financial Analysis, Accounting AWS Certified"
Intermediate,Science,"Communication, Financial Analysis, Data Analysis",Google Data Analytics,83,ML Engineer,"Intermediate Science Communication, Financial Analysis, Data Analysis Google Data Analytics"
Matric,Arts,Counseling,Google Data Analytics,92,Research Scientist,Matric Arts Counseling Google Data Analytics
Bachelor's,Psychology,"SQL, Accounting",AWS Certified,80,Research Scientist,"Bachelor's Psychology SQL, Accounting AWS Certified"
Bachelor's,Commerce,"Python, MS Office, Data Analysis",Google Data Analytics,87,Software Engineer,"Bachelor's Commerce Python, MS Office, Data Analysis Google Data Analytics"
Matric,Arts,"Counseling, Data Analysis, Machine Learning",Tally ERP,78,Business Analyst,"Matric Arts Counseling, Data Analysis, Machine Learning Tally ERP"
Bachelor's,Finance,"Counseling, MS Office",Mental Health Basics,87,Business Analyst,"Bachelor's Finance Counseling, MS Office Mental Health Basics"
Bachelor's,Commerce,"Machine Learning, Marketing, Accounting",Tally ERP,64,Software Engineer,"Bachelor's Commerce Machine Learning, Marketing, Accounting Tally ERP"
Master's,Computer Science,Accounting,CFA Level 1,84,Research Scientist,Master's Computer Science Accounting CFA Level 1
PhD,Commerce,Financial Analysis,Digital Marketing,86,Software Engineer,PhD Commerce Financial Analysis Digital Marketing
Intermediate,Psychology,Financial Analysis,Mental Health Basics,70,Business Analyst,Intermediate Psychology Financial Analysis Mental Health Basics
Bachelor's,Science,"Python, MS Office, Machine Learning",Tally ERP,79,Software Engineer,"Bachelor's Science Python, MS Office, Machine Learning Tally ERP"
Intermediate,Engineering,SQL,AWS Certified,70,Software Engineer,Intermediate Engineering SQL AWS Certified
Intermediate,Commerce,"Accounting, Machine Learning",,67,Business Analyst,
Master's,Science,MS Office,CFA Level 1,95,Business Analyst,Master's Science MS Office CFA Level 1
Matric,Finance,"Accounting, Marketing, Communication",Tally ERP,84,Business Analyst,"Matric Finance Accounting, Marketing, Communication Tally ERP"
Intermediate,Psychology,Counseling,Mental Health Basics,76,Research Scientist,Intermediate Psychology Counseling Mental Health Basics
PhD,Computer Science,Counseling,Google Data Analytics,61,Research Scientist,PhD Computer Science Counseling Google Data Analytics
PhD,Psychology,MS Office,CFA Level 1,79,ML Engineer,PhD Psychology MS Office CFA Level 1
Intermediate,Commerce,"Python, Counseling",Google Data Analytics,75,Research Scientist,"Intermediate Commerce Python, Counseling Google Data Analytics"
Matric,Computer Science,"Machine Learning, Counseling",Digital Marketing,76,Business Analyst,"Matric Computer Science Machine Learning, Counseling Digital Marketing"
Master's,Arts,Communication,,73,Business Analyst,
PhD,Commerce,"Data Analysis, Financial Analysis",,86,ML Engineer,
PhD,Arts,"Financial Analysis, Counseling, Machine Learning",CFA Level 1,70,Research Scientist,"PhD Arts Financial Analysis, Counseling, Machine Learning CFA Level 1"
Bachelor's,Computer Science,Accounting,Creative Writing,89,ML Engineer,Bachelor's Computer Science Accounting Creative Writing
Bachelor's,Commerce,"Financial Analysis, Marketing",Google Data Analytics,90,ML Engineer,"Bachelor's Commerce Financial Analysis, Marketing Google Data Analytics"
Intermediate,Arts,Machine Learning,Tally ERP,67,Software Engineer,Intermediate Arts Machine Learning Tally ERP
Intermediate,Business,"Communication, MS Office, SQL",AWS Certified,94,ML Engineer,"Intermediate Business Communication, MS Office, SQL AWS Certified"
Bachelor's,Commerce,"Financial Analysis, MS Office, SQL",Digital Marketing,66,Research Scientist,"Bachelor's Commerce Financial Analysis, MS Office, SQL Digital Marketing"
Bachelor's,Commerce,"Machine Learning, Data Analysis, SQL",Mental Health Basics,88,ML Engineer,"Bachelor's Commerce Machine Learning, Data Analysis, SQL Mental Health Basics"
Intermediate,Psychology,"Machine Learning, Counseling, Python",,68,Research Scientist,
Matric,Commerce,Accounting,AWS Certified,89,Software Engineer,Matric Commerce Accounting AWS Certified
Bachelor's,Science,Communication,,85,Business Analyst,
Matric,Computer Science,Financial Analysis,CFA Level 1,77,Research Scientist,Matric Computer Science Financial Analysis CFA Level 1
Master's,Engineering,SQL,,95,ML Engineer,
Matric,Engineering,"Counseling, MS Office",Mental Health Basics,64,Software Engineer,"Matric Engineering Counseling, MS Office Mental Health Basics"
Matric,Finance,"Accounting, Python",Tally ERP,82,Business Analyst,"Matric Finance Accounting, Python Tally ERP"
Bachelor's,Arts,"Data Analysis, Accounting",CFA Level 1,87,Business Analyst,"Bachelor's Arts Data Analysis, Accounting CFA Level 1"
Bachelor's,Computer Science,SQL,,93,Business Analyst,
Matric,Arts,"Financial Analysis, MS Office, Accounting",Google Data Analytics,69,ML Engineer,"Matric Arts Financial Analysis, MS Office, Accounting Google Data Analytics"
Intermediate,Finance,Machine Learning,CFA Level 1,67,Business Analyst,Intermediate Finance Machine Learning CFA Level 1
Matric,Business,"Financial Analysis, Communication, Machine Learning",Digital Marketing,95,Business Analyst,"Matric Business Financial Analysis, Communication, Machine Learning Digital Marketing"
Master's,Science,"Financial Analysis, SQL",,84,Research Scientist,
Bachelor's,Finance,"Machine Learning, Data Analysis",Digital Marketing,89,ML Engineer,"Bachelor's Finance Machine Learning, Data Analysis Digital Marketing"
Master's,Engineering,Financial Analysis,AWS Certified,86,ML Engineer,Master's Engineering Financial Analysis AWS Certified
PhD,Commerce,"Python, Communication, Accounting",Mental Health Basics,89,ML Engineer,"PhD Commerce Python, Communication, Accounting Mental Health Basics"
PhD,Science,Communication,Digital Marketing,92,Research Scientist,PhD Science Communication Digital Marketing
Master's,Science,"Python, MS Office",Google Data Analytics,89,Business Analyst,"Master's Science Python, MS Office Google Data Analytics"
Intermediate,Commerce,"Financial Analysis, Communication",Tally ERP,88,ML Engineer,"Intermediate Commerce Financial Analysis, Communication Tally ERP"
Master's,Psychology,Communication,Digital Marketing,87,ML Engineer,Master's Psychology Communication Digital Marketing
PhD,Business,Financial Analysis,AWS Certified,73,Business Analyst,PhD Business Financial Analysis AWS Certified
Matric,Business,"Marketing, Python",CFA Level 1,78,Software Engineer,"Matric Business Marketing, Python CFA Level 1"
Matric,Finance,"Marketing, Python",CFA Level 1,68,ML Engineer,"Matric Finance Marketing, Python CFA Level 1"
PhD,Computer Science,"Financial Analysis, SQL, Accounting",AWS Certified,70,Software Engineer,"PhD Computer Science Financial Analysis, SQL, Accounting AWS Certified"
Bachelor's,Business,Financial Analysis,CFA Level 1,76,Software Engineer,Bachelor's Business Financial Analysis CFA Level 1
PhD,Business,"Python, MS Office",Creative Writing,64,Business Analyst,"PhD Business Python, MS Office Creative Writing"
Intermediate,Engineering,"Accounting, Financial Analysis, Python",,93,Business Analyst,
Bachelor's,Commerce,Counseling,,68,Research Scientist,
Intermediate,Science,"Python, SQL, Counseling",Tally ERP,70,Business Analyst,"Intermediate Science Python, SQL, Counseling Tally ERP"
PhD,Commerce,Machine Learning,Digital Marketing,87,Software Engineer,PhD Commerce Machine Learning Digital Marketing
Intermediate,Engineering,"Machine Learning, Counseling, Data Analysis",Tally ERP,64,Software Engineer,"Intermediate Engineering Machine Learning, Counseling, Data Analysis Tally ERP"
Bachelor's,Finance,"Python, Accounting, Marketing",,77,Business Analyst,
Bachelor's,Engineering,"Data Analysis, Marketing, Machine Learning",Mental Health Basics,78,ML Engineer,"Bachelor's Engineering Data Analysis, Marketing, Machine Learning Mental Health Basics"
Master's,Engineering,"MS Office, SQL",AWS Certified,82,ML Engineer,"Master's Engineering MS Office, SQL AWS Certified"
Intermediate,Arts,"Data Analysis, Counseling, Financial Analysis",Mental Health Basics,88,Research Scientist,"Intermediate Arts Data Analysis, Counseling, Financial Analysis Mental Health Basics"
Matric,Commerce,Counseling,Tally ERP,76,ML Engineer,Matric Commerce Counseling Tally ERP
Bachelor's,Science,"Accounting, Counseling, MS Office",Creative Writing,84,ML Engineer,"Bachelor's Science Accounting, Counseling, MS Office Creative Writing"
PhD,Science,"MS Office, Counseling, Marketing",Digital Marketing,75,Software Engineer,"PhD Science MS Office, Counseling, Marketing Digital Marketing"
Matric,Arts,"Financial Analysis, Communication",Digital Marketing,62,Research Scientist,"Matric Arts Financial Analysis, Communication Digital Marketing"
PhD,Business,"SQL, Financial Analysis, Data Analysis",Mental Health Basics,89,Research Scientist,"PhD Business SQL, Financial Analysis, Data Analysis Mental Health Basics"
Matric,Arts,"SQL, Communication",AWS Certified,63,Research Scientist,"Matric Arts SQL, Communication AWS Certified"
Matric,Finance,"Communication, Data Analysis, Python",Digital Marketing,69,Software Engineer,"Matric Finance Communication, Data Analysis, Python Digital Marketing"
Matric,Psychology,"Marketing, Python, Accounting",CFA Level 1,65,ML Engineer,"Matric Psychology Marketing, Python, Accounting CFA Level 1"
Matric,Computer Science,SQL,Tally ERP,64,ML Engineer,Matric Computer Science SQL Tally ERP
Bachelor's,Engineering,"Machine Learning, Accounting, Financial Analysis",Mental Health Basics,73,Software Engineer,"Bachelor's Engineering Machine Learning, Accounting, Financial Analysis Mental Health Basics"
Matric,Computer Science,Marketing,Mental Health Basics,71,Business Analyst,Matric Computer Science Marketing Mental Health Basics
PhD,Arts,"Counseling, Accounting",Google Data Analytics,71,Research Scientist,"PhD Arts Counseling, Accounting Google Data Analytics"
Intermediate,Finance,Communication,AWS Certified,63,Research Scientist,Intermediate Finance Communication AWS Certified
PhD,Commerce,MS Office,Google Data Analytics,76,ML Engineer,PhD Commerce MS Office Google Data Analytics
Intermediate,Engineering,"Counseling, Python, Marketing",Mental Health Basics,94,Research Scientist,"Intermediate Engineering Counseling, Python, Marketing Mental Health Basics"
PhD,Business,Data Analysis,Google Data Analytics,82,Software Engineer,PhD Business Data Analysis Google Data Analytics
Matric,Science,Financial Analysis,AWS Certified,84,ML Engineer,Matric Science Financial Analysis AWS Certified
Bachelor's,Finance,"Counseling, Machine Learning, Data Analysis",Tally ERP,70,Software Engineer,"Bachelor's Finance Counseling, Machine Learning, Data Analysis Tally ERP"
Bachelor's,Psychology,Accounting,Digital Marketing,72,Business Analyst,Bachelor's Psychology Accounting Digital Marketing
Matric,Arts,Data Analysis,Creative Writing,82,ML Engineer,Matric Arts Data Analysis Creative Writing
Matric,Engineering,"Python, Accounting, Data Analysis",Google Data Analytics,81,Business Analyst,"Matric Engineering Python, Accounting, Data Analysis Google Data Analytics"
PhD,Psychology,"Financial Analysis, Communication",Tally ERP,84,Software Engineer,"PhD Psychology Financial Analysis, Communication Tally ERP"
Bachelor's,Psychology,"MS Office, Marketing",Google Data Analytics,65,Business Analyst,"Bachelor's Psychology MS Office, Marketing Google Data Analytics"
PhD,Arts,Marketing,Mental Health Basics,74,ML Engineer,PhD Arts Marketing Mental Health Basics
Matric,Engineering,"Financial Analysis, Communication, Python",,69,Research Scientist,
Master's,Engineering,Machine Learning,Creative Writing,87,Research Scientist,Master's Engineering Machine Learning Creative Writing
Bachelor's,Psychology,"Python, Accounting",AWS Certified,94,Research Scientist,"Bachelor's Psychology Python, Accounting AWS Certified"
Bachelor's,Psychology,Python,Tally ERP,84,Business Analyst,Bachelor's Psychology Python Tally ERP
Matric,Arts,"Accounting, Communication",,94,Software Engineer,
Master's,Commerce,"Python, Machine Learning",CFA Level 1,84,Business Analyst,"Master's Commerce Python, Machine Learning CFA Level 1"
Matric,Science,"Data Analysis, Python",Tally ERP,71,Research Scientist,"Matric Science Data Analysis, Python Tally ERP"
Master's,Engineering,Accounting,,63,ML Engineer,
Matric,Engineering,"Python, Financial Analysis",Mental Health Basics,83,Software Engineer,"Matric Engineering Python, Financial Analysis Mental Health Basics"
Master's,Computer Science,"Machine Learning, Communication",Creative Writing,72,ML Engineer,"Master's Computer Science Machine Learning, Communication Creative Writing"
Master's,Science,Communication,Google Data Analytics,72,Business Analyst,Master's Science Communication Google Data Analytics
Master's,Finance,Machine Learning,Creative Writing,75,Research Scientist,Master's Finance Machine Learning Creative Writing
Intermediate,Business,"MS Office, Communication, Financial Analysis",Tally ERP,64,Software Engineer,"Intermediate Business MS Office, Communication, Financial Analysis Tally ERP"
Matric,Psychology,"Financial Analysis, Accounting",Mental Health Basics,60,Business Analyst,"Matric Psychology Financial Analysis, Accounting Mental Health Basics"
Bachelor's,Computer Science,Counseling,AWS Certified,68,ML Engineer,Bachelor's Computer Science Counseling AWS Certified
PhD,Psychology,MS Office,Digital Marketing,75,ML Engineer,PhD Psychology MS Office Digital Marketing
Intermediate,Finance,"SQL, Data Analysis",,67,Business Analyst,
PhD,Computer Science,"Python, Accounting, Data Analysis",Mental Health Basics,69,Research Scientist,"PhD Computer Science Python, Accounting, Data Analysis Mental Health Basics"
Master's,Science,Marketing,,63,Software Engineer,
Matric,Engineering,SQL,Google Data Analytics,85,Software Engineer,Matric Engineering SQL Google Data Analytics
Matric,Psychology,"Accounting, Machine Learning",CFA Level 1,92,Software Engineer,"Matric Psychology Accounting, Machine Learning CFA Level 1"
PhD,Commerce,"Financial Analysis, MS Office, Counseling",,92,Software Engineer,
Matric,Arts,"Python, MS Office",,73,ML Engineer,
Intermediate,Business,Machine Learning,AWS Certified,95,Business Analyst,Intermediate Business Machine Learning AWS Certified
PhD,Arts,"Machine Learning, Marketing, Counseling",Tally ERP,91,ML Engineer,"PhD Arts Machine Learning, Marketing, Counseling Tally ERP"
Matric,Commerce,"MS Office, Machine Learning",CFA Level 1,87,Research Scientist,"Matric Commerce MS Office, Machine Learning CFA Level 1"
Master's,Computer Science,"Accounting, Counseling, MS Office",Mental Health Basics,78,ML Engineer,"Master's Computer Science Accounting, Counseling, MS Office Mental Health Basics"
Master's,Finance,Counseling,Mental Health Basics,60,Software Engineer,Master's Finance Counseling Mental Health Basics
Bachelor's,Psychology,"Python, Communication, Marketing",Mental Health Basics,65,Research Scientist,"Bachelor's Psychology Python, Communication, Marketing Mental Health Basics"
Intermediate,Commerce,Python,Mental Health Basics,84,Business Analyst,Intermediate Commerce Python Mental Health Basics
Matric,Business,"Financial Analysis, SQL, Accounting",Google Data Analytics,94,Software Engineer,"Matric Business Financial Analysis, SQL, Accounting Google Data Analytics"
Bachelor's,Finance,Communication,Tally ERP,87,Business Analyst,Bachelor's Finance Communication Tally ERP
PhD,Science,SQL,CFA Level 1,75,ML Engineer,PhD Science SQL CFA Level 1
PhD,Psychology,"MS Office, Financial Analysis, Data Analysis",Digital Marketing,94,ML Engineer,"PhD Psychology MS Office, Financial Analysis, Data Analysis Digital Marketing"
Master's,Commerce,"Counseling, Accounting",Google Data Analytics,94,Research Scientist,"Master's Commerce Counseling, Accounting Google Data Analytics"
PhD,Finance,"Financial Analysis, MS Office, SQL",Mental Health Basics,86,Research Scientist,"PhD Finance Financial Analysis, MS Office, SQL Mental Health Basics"
Matric,Engineering,Counseling,Google Data Analytics,92,Business Analyst,Matric Engineering Counseling Google Data Analytics
Matric,Engineering,"Counseling, Accounting, Data Analysis",AWS Certified,60,Software Engineer,"Matric Engineering Counseling, Accounting, Data Analysis AWS Certified"
Intermediate,Arts,Accounting,Creative Writing,71,Software Engineer,Intermediate Arts Accounting Creative Writing
Bachelor's,Computer Science,"Marketing, Accounting, SQL",Digital Marketing,76,Business Analyst,"Bachelor's Computer Science Marketing, Accounting, SQL Digital Marketing"
Master's,Business,"Data Analysis, Counseling, SQL",Google Data Analytics,60,ML Engineer,"Master's Business Data Analysis, Counseling, SQL Google Data Analytics"
Intermediate,Science,Data Analysis,CFA Level 1,89,ML Engineer,Intermediate Science Data Analysis CFA Level 1
Master's,Science,Python,Google Data Analytics,70,Business Analyst,Master's Science Python Google Data Analytics
Bachelor's,Science,MS Office,CFA Level 1,60,Business Analyst,Bachelor's Science MS Office CFA Level 1
Master's,Arts,Financial Analysis,Creative Writing,69,ML Engineer,Master's Arts Financial Analysis Creative Writing
PhD,Arts,"Communication, Financial Analysis",,68,Research Scientist,
Matric,Science,"Marketing, MS Office",Creative Writing,92,ML Engineer,"Matric Science Marketing, MS Office Creative Writing"
Matric,Science,Financial Analysis,Creative Writing,87,ML Engineer,Matric Science Financial Analysis Creative Writing
PhD,Science,"Data Analysis, MS Office",AWS Certified,79,Research Scientist,"PhD Science Data Analysis, MS Office AWS Certified"
PhD,Arts,"Communication, Machine Learning",Mental Health Basics,84,ML Engineer,"PhD Arts Communication, Machine Learning Mental Health Basics"
Bachelor's,Science,"MS Office, Machine Learning, SQL",AWS Certified,93,Software Engineer,"Bachelor's Science MS Office, Machine Learning, SQL AWS Certified"
PhD,Business,"Financial Analysis, Python, MS Office",Mental Health Basics,91,Software Engineer,"PhD Business Financial Analysis, Python, MS Office Mental Health Basics"
PhD,Commerce,"Python, Marketing, SQL",Tally ERP,73,Business Analyst,"PhD Commerce Python, Marketing, SQL Tally ERP"
Matric,Science,"Data Analysis, Counseling",CFA Level 1,83,Software Engineer,"Matric Science Data Analysis, Counseling CFA Level 1"
Intermediate,Business,Marketing,CFA Level 1,60,Software Engineer,Intermediate Business Marketing CFA Level 1
PhD,Engineering,"Marketing, Data Analysis, Counseling",AWS Certified,76,Research Scientist,"PhD Engineering Marketing, Data Analysis, Counseling AWS Certified"
Master's,Computer Science,"Accounting, Data Analysis",Tally ERP,61,Research Scientist,"Master's Computer Science Accounting, Data Analysis Tally ERP"
Bachelor's,Commerce,Marketing,Mental Health Basics,82,Business Analyst,Bachelor's Commerce Marketing Mental Health Basics
Master's,Finance,"Data Analysis, Python, SQL",Creative Writing,80,ML Engineer,"Master's Finance Data Analysis, Python, SQL Creative Writing"
Master's,Commerce,"Counseling, Python, Machine Learning",Google Data Analytics,62,ML Engineer,"Master's Commerce Counseling, Python, Machine Learning Google Data Analytics"
Matric,Computer Science,"Machine Learning, Counseling",Mental Health Basics,66,Business Analyst,"Matric Computer Science Machine Learning, Counseling Mental Health Basics"
Master's,Computer Science,Counseling,,72,Research Scientist,
Intermediate,Arts,"Communication, Marketing, SQL",CFA Level 1,83,ML Engineer,"Intermediate Arts Communication, Marketing, SQL CFA Level 1"
PhD,Computer Science,"Accounting, Marketing, Python",CFA Level 1,92,ML Engineer,"PhD Computer Science Accounting, Marketing, Python CFA Level 1"
PhD,Computer Science,Counseling,,90,ML Engineer,
Matric,Finance,"Marketing, SQL, Communication",AWS Certified,90,Business Analyst,"Matric Finance Marketing, SQL, Communication AWS Certified"
PhD,Finance,"Data Analysis, MS Office, Accounting",Mental Health Basics,82,Business Analyst,"PhD Finance Data Analysis, MS Office, Accounting Mental Health Basics"
Matric,Commerce,"Data Analysis, MS Office, Machine Learning",Creative Writing,91,Research Scientist,"Matric Commerce Data Analysis, MS Office, Machine Learning Creative Writing"
Intermediate,Science,Accounting,,92,Research Scientist,
Intermediate,Commerce,"Python, SQL, Financial Analysis",CFA Level 1,81,Business Analyst,"Intermediate Commerce Python, SQL, Financial Analysis CFA Level 1"
Matric,Computer Science,"Marketing, Machine Learning, SQL",Digital Marketing,75,Business Analyst,"Matric Computer Science Marketing, Machine Learning, SQL Digital Marketing"
Bachelor's,Engineering,"Python, Marketing",Digital Marketing,77,Research Scientist,"Bachelor's Engineering Python, Marketing Digital Marketing"
Master's,Business,SQL,Google Data Analytics,75,ML Engineer,Master's Business SQL Google Data Analytics
Master's,Finance,"Counseling, Accounting, SQL",,61,Research Scientist,
Master's,Commerce,"SQL, Data Analysis, Counseling",,63,Business Analyst,
Master's,Psychology,Accounting,Digital Marketing,86,Research Scientist,Master's Psychology Accounting Digital Marketing
Matric,Science,"Counseling, Python",Google Data Analytics,65,Research Scientist,"Matric Science Counseling, Python Google Data Analytics"
Matric,Finance,SQL,AWS Certified,90,Business Analyst,Matric Finance SQL AWS Certified
Master's,Commerce,"Accounting, Communication",Tally ERP,60,ML Engineer,"Master's Commerce Accounting, Communication Tally ERP"
Master's,Arts,SQL,Mental Health Basics,64,Software Engineer,Master's Arts SQL Mental Health Basics
Master's,Computer Science,Marketing,AWS Certified,60,Software Engineer,Master's Computer Science Marketing AWS Certified
PhD,Psychology,"SQL, Communication",Google Data Analytics,60,Software Engineer,"PhD Psychology SQL, Communication Google Data Analytics"
Master's,Finance,"Marketing, Financial Analysis",Google Data Analytics,84,Research Scientist,"Master's Finance Marketing, Financial Analysis Google Data Analytics"
Intermediate,Finance,"Marketing, Python",,85,ML Engineer,
Bachelor's,Engineering,Python,CFA Level 1,89,Software Engineer,Bachelor's Engineering Python CFA Level 1
Matric,Engineering,"Data Analysis, Communication, Accounting",Digital Marketing,70,Research Scientist,"Matric Engineering Data Analysis, Communication, Accounting Digital Marketing"
Matric,Science,"Accounting, Financial Analysis",Mental Health Basics,80,Research Scientist,"Matric Science Accounting, Financial Analysis Mental Health Basics"
Matric,Engineering,"Data Analysis, SQL",Google Data Analytics,75,Research Scientist,"Matric Engineering Data Analysis, SQL Google Data Analytics"
Master's,Computer Science,SQL,CFA Level 1,61,Software Engineer,Master's Computer Science SQL CFA Level 1
Matric,Finance,"MS Office, Counseling",Mental Health Basics,65,Business Analyst,"Matric Finance MS Office, Counseling Mental Health Basics"
Intermediate,Science,"Python, Data Analysis, Accounting",Creative Writing,70,Software Engineer,"Intermediate Science Python, Data Analysis, Accounting Creative Writing"
Matric,Science,"Accounting, MS Office",Tally ERP,81,ML Engineer,"Matric Science Accounting, MS Office Tally ERP"
PhD,Finance,Marketing,AWS Certified,66,Software Engineer,PhD Finance Marketing AWS Certified
Intermediate,Psychology,Data Analysis,Tally ERP,61,Business Analyst,Intermediate Psychology Data Analysis Tally ERP
Bachelor's,Business,"Financial Analysis, Counseling, MS Office",Google Data Analytics,67,Research Scientist,"Bachelor's Business Financial Analysis, Counseling, MS Office Google Data Analytics"
Bachelor's,Business,"Accounting, Counseling",,82,ML Engineer,
Intermediate,Computer Science,"Marketing, Accounting, Data Analysis",AWS Certified,91,Research Scientist,"Intermediate Computer Science Marketing, Accounting, Data Analysis AWS Certified"
Intermediate,Finance,SQL,Google Data Analytics,81,ML Engineer,Intermediate Finance SQL Google Data Analytics
Master's,Science,MS Office,Google Data Analytics,83,Research Scientist,Master's Science MS Office Google Data Analytics
Master's,Psychology,Data Analysis,Mental Health Basics,65,Business Analyst,Master's Psychology Data Analysis Mental Health Basics
PhD,Science,"Machine Learning, SQL",AWS Certified,66,ML Engineer,"PhD Science Machine Learning, SQL AWS Certified"
Matric,Finance,"Financial Analysis, Communication, Marketing",Digital Marketing,75,ML Engineer,"Matric Finance Financial Analysis, Communication, Marketing Digital Marketing"
PhD,Psychology,Data Analysis,Tally ERP,61,Research Scientist,PhD Psychology Data Analysis Tally ERP
Bachelor's,Engineering,"Marketing, Accounting, Machine Learning",AWS Certified,81,ML Engineer,"Bachelor's Engineering Marketing, Accounting, Machine Learning AWS Certified"
Bachelor's,Business,"Machine Learning, Marketing",CFA Level 1,70,Software Engineer,"Bachelor's Business Machine Learning, Marketing CFA Level 1"
PhD,Commerce,"Machine Learning, Communication, Data Analysis",Tally ERP,76,Research Scientist,"PhD Commerce Machine Learning, Communication, Data Analysis Tally ERP"
PhD,Science,"SQL, Financial Analysis, Data Analysis",Google Data Analytics,78,Software Engineer,"PhD Science SQL, Financial Analysis, Data Analysis Google Data Analytics"
Master's,Science,"Accounting, Data Analysis, SQL",,90,ML Engineer,
Master's,Business,"SQL, Financial Analysis, Marketing",Mental Health Basics,72,Research Scientist,"Master's Business SQL, Financial Analysis, Marketing Mental Health Basics"
Master's,Computer Science,"Machine Learning, SQL",Mental Health Basics,86,ML Engineer,"Master's Computer Science Machine Learning, SQL Mental Health Basics"
Matric,Computer Science,"Counseling, Python, Accounting",AWS Certified,81,Research Scientist,"Matric Computer Science Counseling, Python, Accounting AWS Certified"
Bachelor's,Psychology,Financial Analysis,Google Data Analytics,71,ML Engineer,Bachelor's Psychology Financial Analysis Google Data Analytics
Master's,Engineering,"Data Analysis, SQL, Marketing",,89,ML Engineer,
PhD,Engineering,"Machine Learning, Communication, MS Office",CFA Level 1,93,Research Scientist,"PhD Engineering Machine Learning, Communication, MS Office CFA Level 1"
Master's,Engineering,"Financial Analysis, Accounting",Mental Health Basics,69,Business Analyst,"Master's Engineering Financial Analysis, Accounting Mental Health Basics"
Intermediate,Computer Science,"Marketing, Accounting, Python",AWS Certified,65,Software Engineer,"Intermediate Computer Science Marketing, Accounting, Python AWS Certified"
PhD,Psychology,"Communication, Data Analysis",Digital Marketing,70,Business Analyst,"PhD Psychology Communication, Data Analysis Digital Marketing"
Intermediate,Business,"Communication, Financial Analysis",,72,Business Analyst,
Matric,Psychology,Communication,Digital Marketing,90,Research Scientist,Matric Psychology Communication Digital Marketing
Matric,Arts,"Financial Analysis, Marketing",CFA Level 1,60,Software Engineer,"Matric Arts Financial Analysis, Marketing CFA Level 1"
Intermediate,Commerce,"Marketing, Accounting, Python",AWS Certified,83,Business Analyst,"Intermediate Commerce Marketing, Accounting, Python AWS Certified"
Matric,Commerce,"Counseling, SQL",Tally ERP,84,ML Engineer,"Matric Commerce Counseling, SQL Tally ERP"
Matric,Psychology,MS Office,,88,Business Analyst,
Intermediate,Finance,"Counseling, Data Analysis",,78,Business Analyst,
Master's,Business,MS Office,,81,Business Analyst,
Intermediate,Engineering,"Financial Analysis, SQL",Digital Marketing,63,Research Scientist,"Intermediate Engineering Financial Analysis, SQL Digital Marketing"
Bachelor's,Business,Marketing,,73,ML Engineer,
Bachelor's,Commerce,Python,Digital Marketing,91,Software Engineer,Bachelor's Commerce Python Digital Marketing
Matric,Computer Science,"Data Analysis, Machine Learning",CFA Level 1,88,ML Engineer,"Matric Computer Science Data Analysis, Machine Learning CFA Level 1"
Master's,Science,"Machine Learning, SQL",Google Data Analytics,67,Software Engineer,"Master's Science Machine Learning, SQL Google Data Analytics"
Bachelor's,Commerce,"Financial Analysis, Counseling, Communication",Creative Writing,95,Software Engineer,"Bachelor's Commerce Financial Analysis, Counseling, Communication Creative Writing"
Intermediate,Commerce,Machine Learning,Google Data Analytics,84,Business Analyst,Intermediate Commerce Machine Learning Google Data Analytics
PhD,Finance,"Accounting, Counseling",Mental Health Basics,60,ML Engineer,"PhD Finance Accounting, Counseling Mental Health Basics"
Intermediate,Engineering,"SQL, Financial Analysis",Digital Marketing,68,Software Engineer,"Intermediate Engineering SQL, Financial Analysis Digital Marketing"
Matric,Finance,"Data Analysis, MS Office",CFA Level 1,73,ML Engineer,"Matric Finance Data Analysis, MS Office CFA Level 1"
Bachelor's,Engineering,"Accounting, Machine Learning, Financial Analysis",Google Data Analytics,63,Software Engineer,"Bachelor's Engineering Accounting, Machine Learning, Financial Analysis Google Data Analytics"
PhD,Commerce,"Machine Learning, Financial Analysis, MS Office",CFA Level 1,65,Business Analyst,"PhD Commerce Machine Learning, Financial Analysis, MS Office CFA Level 1"
Intermediate,Commerce,"Data Analysis, SQL, Communication",CFA Level 1,69,Research Scientist,"Intermediate Commerce Data Analysis, SQL, Communication CFA Level 1"
Bachelor's,Business,Machine Learning,Tally ERP,68,ML Engineer,Bachelor's Business Machine Learning Tally ERP
Bachelor's,Computer Science,Marketing,,65,ML Engineer,
Master's,Business,"Python, Communication, Financial Analysis",Digital Marketing,62,Business Analyst,"Master's Business Python, Communication, Financial Analysis Digital Marketing"
Bachelor's,Computer Science,Marketing,,74,ML Engineer,
Intermediate,Arts,"Machine Learning, Communication, Data Analysis",Tally ERP,74,Software Engineer,"Intermediate Arts Machine Learning, Communication, Data Analysis Tally ERP"
PhD,Commerce,Financial Analysis,Digital Marketing,72,ML Engineer,PhD Commerce Financial Analysis Digital Marketing
Bachelor's,Psychology,MS Office,,75,ML Engineer,
Bachelor's,Science,"Accounting, Counseling, Data Analysis",AWS Certified,67,Research Scientist,"Bachelor's Science Accounting, Counseling, Data Analysis AWS Certified"
Master's,Psychology,"Marketing, Accounting, Data Analysis",CFA Level 1,64,ML Engineer,"Master's Psychology Marketing, Accounting, Data Analysis CFA Level 1"
Bachelor's,Computer Science,"Accounting, MS Office",AWS Certified,86,Software Engineer,"Bachelor's Computer Science Accounting, MS Office AWS Certified"
Intermediate,Computer Science,"Python, Data Analysis",AWS Certified,63,Software Engineer,"Intermediate Computer Science Python, Data Analysis AWS Certified"
Bachelor's,Engineering,"Financial Analysis, SQL",CFA Level 1,71,ML Engineer,"Bachelor's Engineering Financial Analysis, SQL CFA Level 1"
PhD,Engineering,"Counseling, MS Office",Digital Marketing,71,Software Engineer,"PhD Engineering Counseling, MS Office Digital Marketing"
Bachelor's,Business,Accounting,,66,Business Analyst,
PhD,Science,"Counseling, Communication, Data Analysis",,87,Business Analyst,
PhD,Finance,"Machine Learning, Financial Analysis, Data Analysis",CFA Level 1,87,Business Analyst,"PhD Finance Machine Learning, Financial Analysis, Data Analysis CFA Level 1"
PhD,Psychology,MS Office,AWS Certified,79,Research Scientist,PhD Psychology MS Office AWS Certified
Master's,Computer Science,Data Analysis,Digital Marketing,91,Business Analyst,Master's Computer Science Data Analysis Digital Marketing
Master's,Psychology,"Marketing, Financial Analysis",Mental Health Basics,75,ML Engineer,"Master's Psychology Marketing, Financial Analysis Mental Health Basics"
Bachelor's,Commerce,"Financial Analysis, Python",Creative Writing,76,Software Engineer,"Bachelor's Commerce Financial Analysis, Python Creative Writing"
PhD,Psychology,Machine Learning,Google Data Analytics,93,ML Engineer,PhD Psychology Machine Learning Google Data Analytics
Intermediate,Finance,MS Office,CFA Level 1,94,ML Engineer,Intermediate Finance MS Office CFA Level 1
Matric,Engineering,Data Analysis,Mental Health Basics,92,Software Engineer,Matric Engineering Data Analysis Mental Health Basics
Master's,Computer Science,SQL,Google Data Analytics,74,Research Scientist,Master's Computer Science SQL Google Data Analytics
PhD,Computer Science,Python,,90,Research Scientist,
Bachelor's,Science,"Python, Counseling",,82,Research Scientist,
Master's,Computer Science,"Communication, Data Analysis, Accounting",,93,Research Scientist,
Intermediate,Psychology,"Communication, MS Office, SQL",CFA Level 1,68,ML Engineer,"Intermediate Psychology Communication, MS Office, SQL CFA Level 1"
Bachelor's,Business,"Python, Financial Analysis, MS Office",AWS Certified,62,Business Analyst,"Bachelor's Business Python, Financial Analysis, MS Office AWS Certified"
Matric,Business,Data Analysis,Google Data Analytics,63,Business Analyst,Matric Business Data Analysis Google Data Analytics
PhD,Arts,Accounting,AWS Certified,85,Business Analyst,PhD Arts Accounting AWS Certified
Matric,Finance,"Data Analysis, Marketing, Machine Learning",CFA Level 1,79,Software Engineer,"Matric Finance Data Analysis, Marketing, Machine Learning CFA Level 1"
Intermediate,Science,"Python, Data Analysis",Google Data Analytics,83,Research Scientist,"Intermediate Science Python, Data Analysis Google Data Analytics"
Bachelor's,Business,"Data Analysis, Python, Accounting",AWS Certified,93,ML Engineer,"Bachelor's Business Data Analysis, Python, Accounting AWS Certified"
Master's,Psychology,"Python, Financial Analysis",CFA Level 1,67,Software Engineer,"Master's Psychology Python, Financial Analysis CFA Level 1"
Matric,Psychology,"Marketing, Data Analysis",Tally ERP,91,Software Engineer,"Matric Psychology Marketing, Data Analysis Tally ERP"
Intermediate,Business,"SQL, Machine Learning",Mental Health Basics,81,Software Engineer,"Intermediate Business SQL, Machine Learning Mental Health Basics"
Matric,Finance,"Data Analysis, Counseling, SQL",Tally ERP,90,Software Engineer,"Matric Finance Data Analysis, Counseling, SQL Tally ERP"
Intermediate,Computer Science,"Accounting, Communication",Tally ERP,64,ML Engineer,"Intermediate Computer Science Accounting, Communication Tally ERP"
Bachelor's,Arts,Accounting,Digital Marketing,65,Software Engineer,Bachelor's Arts Accounting Digital Marketing
Matric,Engineering,"Communication, Counseling",CFA Level 1,93,Business Analyst,"Matric Engineering Communication, Counseling CFA Level 1"
Bachelor's,Science,"Counseling, Marketing, Python",Digital Marketing,84,Research Scientist,"Bachelor's Science Counseling, Marketing, Python Digital Marketing"
PhD,Finance,"Communication, Python, Counseling",AWS Certified,75,Software Engineer,"PhD Finance Communication, Python, Counseling AWS Certified"
Matric,Commerce,"Communication, Financial Analysis, SQL",CFA Level 1,64,Business Analyst,"Matric Commerce Communication, Financial Analysis, SQL CFA Level 1"
Bachelor's,Psychology,"Communication, Python",,91,Software Engineer,
Matric,Engineering,"Financial Analysis, Machine Learning",CFA Level 1,66,Software Engineer,"Matric Engineering Financial Analysis, Machine Learning CFA Level 1"
Intermediate,Science,"Accounting, Python, Counseling",,67,ML Engineer,
Bachelor's,Business,"Counseling, Data Analysis, SQL",Creative Writing,75,Business Analyst,"Bachelor's Business Counseling, Data Analysis, SQL Creative Writing"
Master's,Computer Science,"Python, Data Analysis",Digital Marketing,84,Research Scientist,"Master's Computer Science Python, Data Analysis Digital Marketing"
Master's,Science,Marketing,Mental Health Basics,74,Business Analyst,Master's Science Marketing Mental Health Basics
Master's,Computer Science,Marketing,Creative Writing,89,Business Analyst,Master's Computer Science Marketing Creative Writing
Bachelor's,Psychology,"Financial Analysis, Communication",AWS Certified,84,Software Engineer,"Bachelor's Psychology Financial Analysis, Communication AWS Certified"
Intermediate,Arts,Python,,91,Business Analyst,
Master's,Psychology,Financial Analysis,Google Data Analytics,83,ML Engineer,Master's Psychology Financial Analysis Google Data Analytics
Master's,Computer Science,"Counseling, Machine Learning, Python",Google Data Analytics,66,Business Analyst,"Master's Computer Science Counseling, Machine Learning, Python Google Data Analytics"
Master's,Computer Science,"MS Office, SQL, Accounting",AWS Certified,82,Research Scientist,"Master's Computer Science MS Office, SQL, Accounting AWS Certified"
Master's,Business,"Counseling, Machine Learning, Python",Digital Marketing,90,ML Engineer,"Master's Business Counseling, Machine Learning, Python Digital Marketing"
PhD,Commerce,"SQL, Machine Learning, Financial Analysis",Creative Writing,89,ML Engineer,"PhD Commerce SQL, Machine Learning, Financial Analysis Creative Writing"
Master's,Computer Science,"Communication, Python",CFA Level 1,78,ML Engineer,"Master's Computer Science Communication, Python CFA Level 1"
Bachelor's,Engineering,Machine Learning,Mental Health Basics,84,ML Engineer,Bachelor's Engineering Machine Learning Mental Health Basics
Intermediate,Psychology,"Counseling, Communication",CFA Level 1,76,Software Engineer,"Intermediate Psychology Counseling, Communication CFA Level 1"
Matric,Psychology,"Communication, Counseling, Machine Learning",Digital Marketing,68,Research Scientist,"Matric Psychology Communication, Counseling, Machine Learning Digital Marketing"
PhD,Computer Science,SQL,Tally ERP,91,ML Engineer,PhD Computer Science SQL Tally ERP
Master's,Engineering,Data Analysis,Tally ERP,67,Software Engineer,Master's Engineering Data Analysis Tally ERP
Master's,Business,"Counseling, Financial Analysis, Data Analysis",Creative Writing,69,ML Engineer,"Master's Business Counseling, Financial Analysis, Data Analysis Creative Writing"
Matric,Computer Science,"Data Analysis, Python",Creative Writing,88,ML Engineer,"Matric Computer Science Data Analysis, Python Creative Writing"
Matric,Arts,SQL,Google Data Analytics,66,ML Engineer,Matric Arts SQL Google Data Analytics
Matric,Computer Science,"Financial Analysis, SQL",Mental Health Basics,87,Software Engineer,"Matric Computer Science Financial Analysis, SQL Mental Health Basics"
Master's,Science,"Communication, Marketing",,78,Research Scientist,
Intermediate,Computer Science,"Financial Analysis, Machine Learning, MS Office",CFA Level 1,67,Business Analyst,"Intermediate Computer Science Financial Analysis, Machine Learning, MS Office CFA Level 1"
Bachelor's,Business,"Counseling, SQL, Machine Learning",Mental Health Basics,83,ML Engineer,"Bachelor's Business Counseling, SQL, Machine Learning Mental Health Basics"
Intermediate,Psychology,"Accounting, Machine Learning, Python",Creative Writing,80,Software Engineer,"Intermediate Psychology Accounting, Machine Learning, Python Creative Writing"
Intermediate,Business,"Data Analysis, MS Office",Mental Health Basics,68,Research Scientist,"Intermediate Business Data Analysis, MS Office Mental Health Basics"
Matric,Commerce,Marketing,Creative Writing,60,Software Engineer,Matric Commerce Marketing Creative Writing
Master's,Commerce,Data Analysis,Mental Health Basics,73,ML Engineer,Master's Commerce Data Analysis Mental Health Basics
Matric,Arts,"Communication, SQL, Financial Analysis",Mental Health Basics,70,Software Engineer,"Matric Arts Communication, SQL, Financial Analysis Mental Health Basics"
Intermediate,Engineering,"Financial Analysis, Marketing",Creative Writing,69,Research Scientist,"Intermediate Engineering Financial Analysis, Marketing Creative Writing"
Intermediate,Business,Accounting,AWS Certified,76,Software Engineer,Intermediate Business Accounting AWS Certified
Intermediate,Science,"MS Office, SQL",CFA Level 1,71,ML Engineer,"Intermediate Science MS Office, SQL CFA Level 1"
Intermediate,Psychology,"Accounting, Python",Google Data Analytics,75,Software Engineer,"Intermediate Psychology Accounting, Python Google Data Analytics"
PhD,Business,"Financial Analysis, Python, Communication",Tally ERP,74,Business Analyst,"PhD Business Financial Analysis, Python, Communication Tally ERP"
PhD,Arts,"Communication, MS Office",,82,Research Scientist,
Intermediate,Engineering,"Counseling, SQL, Accounting",Digital Marketing,80,Software Engineer,"Intermediate Engineering Counseling, SQL, Accounting Digital Marketing"
Intermediate,Arts,"Accounting, MS Office, Counseling",Digital Marketing,65,Business Analyst,"Intermediate Arts Accounting, MS Office, Counseling Digital Marketing"
Intermediate,Science,"Machine Learning, Data Analysis, Communication",,83,Research Scientist,
Bachelor's,Computer Science,"SQL, Counseling, MS Office",Google Data Analytics,93,Research Scientist,"Bachelor's Computer Science SQL, Counseling, MS Office Google Data Analytics"
Master's,Business,"Counseling, Financial Analysis",Google Data Analytics,87,Research Scientist,"Master's Business Counseling, Financial Analysis Google Data Analytics"
Master's,Computer Science,Python,AWS Certified,74,Software Engineer,Master's Computer Science Python AWS Certified
Bachelor's,Business,Python,Google Data Analytics,91,ML Engineer,Bachelor's Business Python Google Data Analytics
Bachelor's,Business,"Data Analysis, MS Office, SQL",Digital Marketing,71,ML Engineer,"Bachelor's Business Data Analysis, MS Office, SQL Digital Marketing"
Matric,Business,"Communication, MS Office",Google Data Analytics,69,Research Scientist,"Matric Business Communication, MS Office Google Data Analytics"
Intermediate,Finance,"Marketing, Accounting, Communication",CFA Level 1,66,Software Engineer,"Intermediate Finance Marketing, Accounting, Communication CFA Level 1"
Master's,Commerce,"Counseling, SQL",Tally ERP,65,ML Engineer,"Master's Commerce Counseling, SQL Tally ERP"
Matric,Commerce,Python,Creative Writing,64,Software Engineer,Matric Commerce Python Creative Writing
Bachelor's,Psychology,"Marketing, Accounting",,70,Research Scientist,
PhD,Science,"SQL, Machine Learning",Creative Writing,90,Business Analyst,"PhD Science SQL, Machine Learning Creative Writing"
Matric,Commerce,"Machine Learning, Counseling",AWS Certified,80,ML Engineer,"Matric Commerce Machine Learning, Counseling AWS Certified"
Bachelor's,Finance,"Financial Analysis, Accounting, Marketing",Mental Health Basics,93,Research Scientist,"Bachelor's Finance Financial Analysis, Accounting, Marketing Mental Health Basics"
Intermediate,Engineering,Communication,Creative Writing,84,Research Scientist,Intermediate Engineering Communication Creative Writing
Bachelor's,Finance,"Financial Analysis, MS Office",AWS Certified,71,Research Scientist,"Bachelor's Finance Financial Analysis, MS Office AWS Certified"
Intermediate,Computer Science,"Data Analysis, Marketing",Digital Marketing,88,Software Engineer,"Intermediate Computer Science Data Analysis, Marketing Digital Marketing"
PhD,Business,Counseling,Digital Marketing,72,Business Analyst,PhD Business Counseling Digital Marketing
Intermediate,Computer Science,"Data Analysis, Marketing, SQL",Google Data Analytics,72,ML Engineer,"Intermediate Computer Science Data Analysis, Marketing, SQL Google Data Analytics"
Bachelor's,Finance,Counseling,Creative Writing,65,ML Engineer,Bachelor's Finance Counseling Creative Writing
PhD,Psychology,Python,,62,ML Engineer,
Master's,Computer Science,SQL,Mental Health Basics,87,Software Engineer,Master's Computer Science SQL Mental Health Basics
PhD,Arts,"Communication, MS Office, Machine Learning",,73,Software Engineer,
PhD,Computer Science,Marketing,AWS Certified,73,Business Analyst,PhD Computer Science Marketing AWS Certified
Intermediate,Business,Counseling,Mental Health Basics,62,ML Engineer,Intermediate Business Counseling Mental Health Basics
PhD,Arts,"Communication, MS Office, Counseling",Digital Marketing,64,ML Engineer,"PhD Arts Communication, MS Office, Counseling Digital Marketing"
Matric,Business,Marketing,,86,Business Analyst,
PhD,Finance,"Counseling, MS Office, Accounting",Creative Writing,60,Software Engineer,"PhD Finance Counseling, MS Office, Accounting Creative Writing"
Matric,Science,SQL,Google Data Analytics,60,Research Scientist,Matric Science SQL Google Data Analytics
PhD,Finance,"MS Office, Machine Learning, Counseling",Tally ERP,72,ML Engineer,"PhD Finance MS Office, Machine Learning, Counseling Tally ERP"
Matric,Psychology,"Financial Analysis, SQL, Counseling",Tally ERP,65,ML Engineer,"Matric Psychology Financial Analysis, SQL, Counseling Tally ERP"
Matric,Psychology,"Data Analysis, Machine Learning",Google Data Analytics,65,Research Scientist,"Matric Psychology Data Analysis, Machine Learning Google Data Analytics"
Matric,Computer Science,"Python, Financial Analysis, MS Office",Google Data Analytics,73,Business Analyst,"Matric Computer Science Python, Financial Analysis, MS Office Google Data Analytics"
Intermediate,Commerce,SQL,Creative Writing,87,ML Engineer,Intermediate Commerce SQL Creative Writing
Bachelor's,Commerce,"Machine Learning, Financial Analysis",Creative Writing,73,ML Engineer,"Bachelor's Commerce Machine Learning, Financial Analysis Creative Writing"
Matric,Psychology,"Machine Learning, Financial Analysis",Google Data Analytics,65,ML Engineer,"Matric Psychology Machine Learning, Financial Analysis Google Data Analytics"
Intermediate,Finance,"Marketing, Data Analysis",Mental Health Basics,69,Business Analyst,"Intermediate Finance Marketing, Data Analysis Mental Health Basics"
Intermediate,Finance,"SQL, Communication",CFA Level 1,77,Research Scientist,"Intermediate Finance SQL, Communication CFA Level 1"
Intermediate,Engineering,"MS Office, Communication",Digital Marketing,66,Research Scientist,"Intermediate Engineering MS Office, Communication Digital Marketing"
Matric,Engineering,"Counseling, Communication, Data Analysis",Mental Health Basics,88,Research Scientist,"Matric Engineering Counseling, Communication, Data Analysis Mental Health Basics"
Intermediate,Science,"Counseling, Machine Learning, Financial Analysis",Digital Marketing,71,Business Analyst,"Intermediate Science Counseling, Machine Learning, Financial Analysis Digital Marketing"
Matric,Engineering,"Data Analysis, MS Office",Google Data Analytics,68,Software Engineer,"Matric Engineering Data Analysis, MS Office Google Data Analytics"
Master's,Psychology,Communication,Tally ERP,87,ML Engineer,Master's Psychology Communication Tally ERP
Intermediate,Psychology,SQL,Google Data Analytics,90,ML Engineer,Intermediate Psychology SQL Google Data Analytics
PhD,Psychology,"Marketing, Python",AWS Certified,83,ML Engineer,"PhD Psychology Marketing, Python AWS Certified"
Bachelor's,Psychology,"Counseling, Accounting, SQL",Google Data Analytics,95,Research Scientist,"Bachelor's Psychology Counseling, Accounting, SQL Google Data Analytics"
Master's,Commerce,Python,Tally ERP,85,Business Analyst,Master's Commerce Python Tally ERP
Bachelor's,Engineering,"Python, Counseling",,60,Research Scientist,
Matric,Finance,"MS Office, Accounting",Digital Marketing,75,Research Scientist,"Matric Finance MS Office, Accounting Digital Marketing"
Master's,Commerce,"Python, SQL",Creative Writing,83,Business Analyst,"Master's Commerce Python, SQL Creative Writing"
Intermediate,Arts,"Data Analysis, Python, Counseling",AWS Certified,89,Software Engineer,"Intermediate Arts Data Analysis, Python, Counseling AWS Certified"
Intermediate,Engineering,"Communication, Machine Learning, Python",Digital Marketing,95,Software Engineer,"Intermediate Engineering Communication, Machine Learning, Python Digital Marketing"
Master's,Commerce,"Accounting, MS Office",Digital Marketing,82,Business Analyst,"Master's Commerce Accounting, MS Office Digital Marketing"
Intermediate,Commerce,Data Analysis,,74,Research Scientist,
Master's,Engineering,"Counseling, Data Analysis",Google Data Analytics,87,Software Engineer,"Master's Engineering Counseling, Data Analysis Google Data Analytics"
Intermediate,Commerce,"Communication, MS Office",Creative Writing,71,Business Analyst,"Intermediate Commerce Communication, MS Office Creative Writing"
Matric,Commerce,Machine Learning,AWS Certified,81,Business Analyst,Matric Commerce Machine Learning AWS Certified
Matric,Business,"Accounting, Machine Learning",,91,Business Analyst,
Master's,Psychology,"Machine Learning, MS Office",,71,Research Scientist,
Intermediate,Arts,Accounting,Mental Health Basics,86,ML Engineer,Intermediate Arts Accounting Mental Health Basics
Matric,Computer Science,"Counseling, Marketing, Machine Learning",Tally ERP,77,Business Analyst,"Matric Computer Science Counseling, Marketing, Machine Learning Tally ERP"
Matric,Commerce,"Financial Analysis, Marketing",Tally ERP,73,ML Engineer,"Matric Commerce Financial Analysis, Marketing Tally ERP"
Matric,Business,"Python, Accounting",Creative Writing,62,ML Engineer,"Matric Business Python, Accounting Creative Writing"
Intermediate,Computer Science,"Data Analysis, Communication",Digital Marketing,62,Business Analyst,"Intermediate Computer Science Data Analysis, Communication Digital Marketing"
Bachelor's,Computer Science,"Machine Learning, Communication",AWS Certified,60,Research Scientist,"Bachelor's Computer Science Machine Learning, Communication AWS Certified"
Bachelor's,Business,"Machine Learning, Marketing",Google Data Analytics,63,Business Analyst,"Bachelor's Business Machine Learning, Marketing Google Data Analytics"
Bachelor's,Commerce,"Machine Learning, MS Office, Marketing",CFA Level 1,64,ML Engineer,"Bachelor's Commerce Machine Learning, MS Office, Marketing CFA Level 1"
PhD,Computer Science,"Financial Analysis, SQL, Accounting",Mental Health Basics,94,Research Scientist,"PhD Computer Science Financial Analysis, SQL, Accounting Mental Health Basics"
Bachelor's,Psychology,"Python, Marketing, Data Analysis",Google Data Analytics,60,Business Analyst,"Bachelor's Psychology Python, Marketing, Data Analysis Google Data Analytics"
Bachelor's,Science,"Counseling, Data Analysis, Communication",Digital Marketing,92,Business Analyst,"Bachelor's Science Counseling, Data Analysis, Communication Digital Marketing"
Matric,Business,"Accounting, Data Analysis",Tally ERP,66,Business Analyst,"Matric Business Accounting, Data Analysis Tally ERP"
Master's,Arts,Marketing,Mental Health Basics,81,Research Scientist,Master's Arts Marketing Mental Health Basics
Master's,Finance,"Data Analysis, Marketing, Accounting",AWS Certified,76,Business Analyst,"Master's Finance Data Analysis, Marketing, Accounting AWS Certified"
Matric,Computer Science,"Data Analysis, MS Office",Google Data Analytics,94,Research Scientist,"Matric Computer Science Data Analysis, MS Office Google Data Analytics"
PhD,Psychology,Marketing,AWS Certified,91,Software Engineer,PhD Psychology Marketing AWS Certified
Master's,Engineering,SQL,,82,ML Engineer,
Intermediate,Psychology,"Counseling, Data Analysis, Communication",Creative Writing,77,ML Engineer,"Intermediate Psychology Counseling, Data Analysis, Communication Creative Writing"
Master's,Engineering,"Financial Analysis, Python, Machine Learning",Tally ERP,81,Research Scientist,"Master's Engineering Financial Analysis, Python, Machine Learning Tally ERP"
Matric,Business,"Data Analysis, Accounting",AWS Certified,86,Software Engineer,"Matric Business Data Analysis, Accounting AWS Certified"
Master's,Finance,"Marketing, Accounting, Financial Analysis",Creative Writing,64,Software Engineer,"Master's Finance Marketing, Accounting, Financial Analysis Creative Writing"
Intermediate,Psychology,"Data Analysis, Python",AWS Certified,79,ML Engineer,"Intermediate Psychology Data Analysis, Python AWS Certified"
PhD,Engineering,"Marketing, Communication",Mental Health Basics,76,Research Scientist,"PhD Engineering Marketing, Communication Mental Health Basics"
Matric,Engineering,"SQL, Communication",Google Data Analytics,76,Software Engineer,"Matric Engineering SQL, Communication Google Data Analytics"
Master's,Science,"Accounting, Data Analysis, MS Office",Digital Marketing,68,Research Scientist,"Master's Science Accounting, Data Analysis, MS Office Digital Marketing"
Matric,Finance,"Python, Communication, Data Analysis",AWS Certified,65,Software Engineer,"Matric Finance Python, Communication, Data Analysis AWS Certified"
PhD,Business,MS Office,Digital Marketing,94,Software Engineer,PhD Business MS Office Digital Marketing
Bachelor's,Psychology,"Machine Learning, Marketing",Creative Writing,95,ML Engineer,"Bachelor's Psychology Machine Learning, Marketing Creative Writing"
Master's,Science,Financial Analysis,AWS Certified,82,Research Scientist,Master's Science Financial Analysis AWS Certified
Matric,Arts,"Machine Learning, Marketing",,75,Business Analyst,
Intermediate,Psychology,"Counseling, Machine Learning",AWS Certified,61,Business Analyst,"Intermediate Psychology Counseling, Machine Learning AWS Certified"
Master's,Business,"Accounting, Communication",Creative Writing,66,ML Engineer,"Master's Business Accounting, Communication Creative Writing"
Intermediate,Arts,MS Office,AWS Certified,79,Research Scientist,Intermediate Arts MS Office AWS Certified
Bachelor's,Commerce,"Communication, MS Office, SQL",CFA Level 1,89,Software Engineer,"Bachelor's Commerce Communication, MS Office, SQL CFA Level 1"
PhD,Business,"Marketing, Data Analysis, Counseling",,95,Business Analyst,
Intermediate,Psychology,Accounting,CFA Level 1,78,ML Engineer,Intermediate Psychology Accounting CFA Level 1
Intermediate,Science,Accounting,,90,Business Analyst,
Bachelor's,Engineering,Financial Analysis,Tally ERP,93,Business Analyst,Bachelor's Engineering Financial Analysis Tally ERP
Matric,Science,"Marketing, Machine Learning",Digital Marketing,85,Software Engineer,"Matric Science Marketing, Machine Learning Digital Marketing"
Intermediate,Finance,Python,Google Data Analytics,85,Software Engineer,Intermediate Finance Python Google Data Analytics
Master's,Finance,"Data Analysis, Machine Learning, Python",Tally ERP,75,Business Analyst,"Master's Finance Data Analysis, Machine Learning, Python Tally ERP"
PhD,Finance,Machine Learning,,64,ML Engineer,
Master's,Science,"Accounting, MS Office, Data Analysis",AWS Certified,60,Research Scientist,"Master's Science Accounting, MS Office, Data Analysis AWS Certified"
Bachelor's,Science,"MS Office, Counseling, Communication",Mental Health Basics,88,ML Engineer,"Bachelor's Science MS Office, Counseling, Communication Mental Health Basics"
Bachelor's,Engineering,"Data Analysis, SQL",Google Data Analytics,60,Software Engineer,"Bachelor's Engineering Data Analysis, SQL Google Data Analytics"
Master's,Finance,"SQL, MS Office",Tally ERP,68,Research Scientist,"Master's Finance SQL, MS Office Tally ERP"
Bachelor's,Arts,Counseling,Digital Marketing,63,ML Engineer,Bachelor's Arts Counseling Digital Marketing
Matric,Psychology,"Python, Accounting",Mental Health Basics,68,Software Engineer,"Matric Psychology Python, Accounting Mental Health Basics"
Matric,Commerce,"Communication, Python",Google Data Analytics,77,Software Engineer,"Matric Commerce Communication, Python Google Data Analytics"
Master's,Arts,Python,CFA Level 1,93,Software Engineer,Master's Arts Python CFA Level 1
Matric,Commerce,Accounting,Tally ERP,69,Research Scientist,Matric Commerce Accounting Tally ERP
Bachelor's,Business,Financial Analysis,Digital Marketing,89,ML Engineer,Bachelor's Business Financial Analysis Digital Marketing
Master's,Commerce,"MS Office, Communication",CFA Level 1,62,Business Analyst,"Master's Commerce MS Office, Communication CFA Level 1"
Master's,Business,Accounting,Google Data Analytics,70,Business Analyst,Master's Business Accounting Google Data Analytics
PhD,Commerce,Financial Analysis,Mental Health Basics,68,Research Scientist,PhD Commerce Financial Analysis Mental Health Basics
Master's,Commerce,"Data Analysis, Communication, Machine Learning",Tally ERP,66,Business Analyst,"Master's Commerce Data Analysis, Communication, Machine Learning Tally ERP"
Master's,Computer Science,Python,Creative Writing,95,Research Scientist,Master's Computer Science Python Creative Writing
Intermediate,Arts,"Counseling, Python",Google Data Analytics,74,Business Analyst,"Intermediate Arts Counseling, Python Google Data Analytics"
Intermediate,Engineering,Machine Learning,AWS Certified,85,Business Analyst,Intermediate Engineering Machine Learning AWS Certified
PhD,Science,Python,Google Data Analytics,61,ML Engineer,PhD Science Python Google Data Analytics
PhD,Finance,"Machine Learning, Counseling, Data Analysis",Digital Marketing,67,Research Scientist,"PhD Finance Machine Learning, Counseling, Data Analysis Digital Marketing"
Bachelor's,Commerce,Financial Analysis,Mental Health Basics,91,ML Engineer,Bachelor's Commerce Financial Analysis Mental Health Basics
Master's,Commerce,"Data Analysis, Python, Accounting",Creative Writing,95,Business Analyst,"Master's Commerce Data Analysis, Python, Accounting Creative Writing"
Matric,Computer Science,"Counseling, Communication",AWS Certified,82,Business Analyst,"Matric Computer Science Counseling, Communication AWS Certified"
Master's,Commerce,MS Office,AWS Certified,72,ML Engineer,Master's Commerce MS Office AWS Certified
PhD,Computer Science,Communication,Digital Marketing,71,Software Engineer,PhD Computer Science Communication Digital Marketing
Bachelor's,Business,"Counseling, Accounting",CFA Level 1,95,Research Scientist,"Bachelor's Business Counseling, Accounting CFA Level 1"
Bachelor's,Finance,"Financial Analysis, Accounting",,66,Software Engineer,
Bachelor's,Science,"SQL, Marketing",AWS Certified,84,Business Analyst,"Bachelor's Science SQL, Marketing AWS Certified"
Bachelor's,Computer Science,SQL,Digital Marketing,72,ML Engineer,Bachelor's Computer Science SQL Digital Marketing
PhD,Business,Communication,Tally ERP,77,Software Engineer,PhD Business Communication Tally ERP
Intermediate,Science,"Counseling, Python",Google Data Analytics,86,Research Scientist,"Intermediate Science Counseling, Python Google Data Analytics"
Matric,Psychology,"Accounting, SQL, Financial Analysis",Digital Marketing,93,Research Scientist,"Matric Psychology Accounting, SQL, Financial Analysis Digital Marketing"
Matric,Computer Science,Accounting,Mental Health Basics,68,Business Analyst,Matric Computer Science Accounting Mental Health Basics
PhD,Business,Python,AWS Certified,90,Research Scientist,PhD Business Python AWS Certified
PhD,Science,"Counseling, Data Analysis, SQL",Creative Writing,61,Research Scientist,"PhD Science Counseling, Data Analysis, SQL Creative Writing"
Master's,Commerce,Financial Analysis,AWS Certified,84,Software Engineer,Master's Commerce Financial Analysis AWS Certified
Bachelor's,Commerce,Marketing,CFA Level 1,71,Research Scientist,Bachelor's Commerce Marketing CFA Level 1
Master's,Business,"SQL, Python, Counseling",CFA Level 1,81,Software Engineer,"Master's Business SQL, Python, Counseling CFA Level 1"
Master's,Arts,Financial Analysis,,82,Research Scientist,
Intermediate,Finance,"Machine Learning, MS Office, Financial Analysis",Digital Marketing,72,Research Scientist,"Intermediate Finance Machine Learning, MS Office, Financial Analysis Digital Marketing"
Intermediate,Psychology,"Data Analysis, Counseling, Python",Digital Marketing,65,ML Engineer,"Intermediate Psychology Data Analysis, Counseling, Python Digital Marketing"
Master's,Computer Science,"Communication, MS Office, Financial Analysis",Google Data Analytics,89,Software Engineer,"Master's Computer Science Communication, MS Office, Financial Analysis Google Data Analytics"
Master's,Science,Counseling,Tally ERP,68,Research Scientist,Master's Science Counseling Tally ERP
PhD,Commerce,Machine Learning,Tally ERP,80,ML Engineer,PhD Commerce Machine Learning Tally ERP
Bachelor's,Science,Data Analysis,CFA Level 1,83,Software Engineer,Bachelor's Science Data Analysis CFA Level 1
Master's,Computer Science,"Communication, Data Analysis",CFA Level 1,79,ML Engineer,"Master's Computer Science Communication, Data Analysis CFA Level 1"
Matric,Arts,"Machine Learning, MS Office, SQL",AWS Certified,88,Research Scientist,"Matric Arts Machine Learning, MS Office, SQL AWS Certified"
Master's,Commerce,MS Office,Mental Health Basics,85,Software Engineer,Master's Commerce MS Office Mental Health Basics
Master's,Computer Science,Counseling,Creative Writing,83,Research Scientist,Master's Computer Science Counseling Creative Writing
PhD,Science,MS Office,AWS Certified,75,ML Engineer,PhD Science MS Office AWS Certified
Master's,Psychology,Data Analysis,Tally ERP,83,Business Analyst,Master's Psychology Data Analysis Tally ERP
Master's,Science,Machine Learning,Mental Health Basics,93,ML Engineer,Master's Science Machine Learning Mental Health Basics
Master's,Arts,"SQL, Communication",AWS Certified,90,Software Engineer,"Master's Arts SQL, Communication AWS Certified"
PhD,Business,"Python, Machine Learning, Communication",AWS Certified,76,ML Engineer,"PhD Business Python, Machine Learning, Communication AWS Certified"
Matric,Psychology,"Data Analysis, MS Office, SQL",Creative Writing,65,Software Engineer,"Matric Psychology Data Analysis, MS Office, SQL Creative Writing"
Intermediate,Science,"Communication, Data Analysis, Machine Learning",Creative Writing,68,ML Engineer,"Intermediate Science Communication, Data Analysis, Machine Learning Creative Writing"
PhD,Finance,"Communication, SQL, Machine Learning",Tally ERP,90,ML Engineer,"PhD Finance Communication, SQL, Machine Learning Tally ERP"
PhD,Finance,Marketing,Google Data Analytics,61,Software Engineer,PhD Finance Marketing Google Data Analytics
Matric,Science,"Counseling, MS Office, Financial Analysis",Digital Marketing,94,Research Scientist,"Matric Science Counseling, MS Office, Financial Analysis Digital Marketing"
Master's,Science,"Financial Analysis, Machine Learning",AWS Certified,69,Software Engineer,"Master's Science Financial Analysis, Machine Learning AWS Certified"
Master's,Commerce,MS Office,AWS Certified,90,ML Engineer,Master's Commerce MS Office AWS Certified
Matric,Business,MS Office,Google Data Analytics,95,Research Scientist,Matric Business MS Office Google Data Analytics
Bachelor's,Computer Science,"Machine Learning, Communication",Mental Health Basics,91,Research Scientist,"Bachelor's Computer Science Machine Learning, Communication Mental Health Basics"
Bachelor's,Finance,"SQL, Financial Analysis",Mental Health Basics,62,ML Engineer,"Bachelor's Finance SQL, Financial Analysis Mental Health Basics"
Intermediate,Computer Science,"Communication, SQL, Accounting",CFA Level 1,74,Business Analyst,"Intermediate Computer Science Communication, SQL, Accounting CFA Level 1"
Bachelor's,Computer Science,MS Office,Mental Health Basics,71,Research Scientist,Bachelor's Computer Science MS Office Mental Health Basics
Master's,Engineering,"Communication, MS Office, Data Analysis",,60,Software Engineer,
Bachelor's,Business,"Data Analysis, Communication, Marketing",Tally ERP,86,ML Engineer,"Bachelor's Business Data Analysis, Communication, Marketing Tally ERP"
Master's,Finance,Financial Analysis,Google Data Analytics,69,Business Analyst,Master's Finance Financial Analysis Google Data Analytics
Intermediate,Science,"SQL, Python, MS Office",CFA Level 1,93,Business Analyst,"Intermediate Science SQL, Python, MS Office CFA Level 1"
Intermediate,Finance,Python,AWS Certified,63,Software Engineer,Intermediate Finance Python AWS Certified
Bachelor's,Science,"Accounting, Machine Learning",,87,Software Engineer,
Bachelor's,Science,Accounting,Creative Writing,81,Business Analyst,Bachelor's Science Accounting Creative Writing
Intermediate,Engineering,"Marketing, Data Analysis",Creative Writing,76,Software Engineer,"Intermediate Engineering Marketing, Data Analysis Creative Writing"
Master's,Science,"Marketing, Accounting, MS Office",AWS Certified,66,ML Engineer,"Master's Science Marketing, Accounting, MS Office AWS Certified"
PhD,Commerce,"Accounting, Python, Communication",AWS Certified,61,Software Engineer,"PhD Commerce Accounting, Python, Communication AWS Certified"
Intermediate,Science,"MS Office, Counseling",Mental Health Basics,80,Research Scientist,"Intermediate Science MS Office, Counseling Mental Health Basics"
Matric,Arts,"Data Analysis, Communication",Google Data Analytics,91,ML Engineer,"Matric Arts Data Analysis, Communication Google Data Analytics"
Intermediate,Arts,Accounting,Tally ERP,82,Research Scientist,Intermediate Arts Accounting Tally ERP
Intermediate,Computer Science,"Communication, Data Analysis, Accounting",Google Data Analytics,64,ML Engineer,"Intermediate Computer Science Communication, Data Analysis, Accounting Google Data Analytics"
PhD,Computer Science,Machine Learning,CFA Level 1,70,ML Engineer,PhD Computer Science Machine Learning CFA Level 1
Intermediate,Commerce,"Data Analysis, Communication, SQL",CFA Level 1,68,Software Engineer,"Intermediate Commerce Data Analysis, Communication, SQL CFA Level 1"
Matric,Science,"MS Office, Python",Creative Writing,92,Business Analyst,"Matric Science MS Office, Python Creative Writing"
Master's,Computer Science,"Counseling, Financial Analysis, Machine Learning",CFA Level 1,78,Business Analyst,"Master's Computer Science Counseling, Financial Analysis, Machine Learning CFA Level 1"
PhD,Engineering,MS Office,AWS Certified,76,ML Engineer,PhD Engineering MS Office AWS Certified
Intermediate,Psychology,MS Office,,90,ML Engineer,
Master's,Finance,"Financial Analysis, Machine Learning",AWS Certified,73,Business Analyst,"Master's Finance Financial Analysis, Machine Learning AWS Certified"
Matric,Arts,"Accounting, Data Analysis, Counseling",Google Data Analytics,92,Software Engineer,"Matric Arts Accounting, Data Analysis, Counseling Google Data Analytics"
PhD,Finance,"Python, MS Office, SQL",Digital Marketing,66,ML Engineer,"PhD Finance Python, MS Office, SQL Digital Marketing"
Intermediate,Finance,"SQL, Data Analysis, Communication",CFA Level 1,60,Research Scientist,"Intermediate Finance SQL, Data Analysis, Communication CFA Level 1"
Master's,Psychology,"Counseling, SQL, Machine Learning",Mental Health Basics,80,Research Scientist,"Master's Psychology Counseling, SQL, Machine Learning Mental Health Basics"
Matric,Computer Science,"Accounting, Marketing",Mental Health Basics,64,Research Scientist,"Matric Computer Science Accounting, Marketing Mental Health Basics"
Master's,Arts,Python,AWS Certified,91,Software Engineer,Master's Arts Python AWS Certified
PhD,Business,"Accounting, Marketing, Data Analysis",AWS Certified,83,ML Engineer,"PhD Business Accounting, Marketing, Data Analysis AWS Certified"
Bachelor's,Computer Science,"Python, SQL, Communication",Mental Health Basics,93,Research Scientist,"Bachelor's Computer Science Python, SQL, Communication Mental Health Basics"
Master's,Engineering,Marketing,Creative Writing,95,Software Engineer,Master's Engineering Marketing Creative Writing
Bachelor's,Science,MS Office,Tally ERP,86,Business Analyst,Bachelor's Science MS Office Tally ERP
PhD,Science,MS Office,Mental Health Basics,69,Business Analyst,PhD Science MS Office Mental Health Basics
Matric,Arts,"SQL, Counseling, Marketing",Tally ERP,94,Business Analyst,"Matric Arts SQL, Counseling, Marketing Tally ERP"
Intermediate,Finance,MS Office,,77,ML Engineer,
PhD,Computer Science,"MS Office, Python",Google Data Analytics,87,ML Engineer,"PhD Computer Science MS Office, Python Google Data Analytics"
PhD,Psychology,"Financial Analysis, Python, Counseling",Mental Health Basics,78,Business Analyst,"PhD Psychology Financial Analysis, Python, Counseling Mental Health Basics"
Bachelor's,Business,"Communication, Python, Financial Analysis",Digital Marketing,77,Software Engineer,"Bachelor's Business Communication, Python, Financial Analysis Digital Marketing"
Master's,Business,"Data Analysis, Accounting, SQL",AWS Certified,91,ML Engineer,"Master's Business Data Analysis, Accounting, SQL AWS Certified"
Master's,Engineering,"Accounting, SQL",Tally ERP,66,ML Engineer,"Master's Engineering Accounting, SQL Tally ERP"
Matric,Finance,"Financial Analysis, SQL",Tally ERP,77,Software Engineer,"Matric Finance Financial Analysis, SQL Tally ERP"
PhD,Computer Science,Financial Analysis,Mental Health Basics,66,Research Scientist,PhD Computer Science Financial Analysis Mental Health Basics
Bachelor's,Finance,SQL,Mental Health Basics,82,ML Engineer,Bachelor's Finance SQL Mental Health Basics
Master's,Business,"Accounting, Financial Analysis",Google Data Analytics,70,ML Engineer,"Master's Business Accounting, Financial Analysis Google Data Analytics"
Bachelor's,Finance,"Counseling, Communication, Financial Analysis",Tally ERP,84,ML Engineer,"Bachelor's Finance Counseling, Communication, Financial Analysis Tally ERP"
Matric,Engineering,"Python, Communication",,71,ML Engineer,
Intermediate,Psychology,"Marketing, Data Analysis",Digital Marketing,84,Software Engineer,"Intermediate Psychology Marketing, Data Analysis Digital Marketing"
Matric,Science,"Machine Learning, Marketing",Tally ERP,79,ML Engineer,"Matric Science Machine Learning, Marketing Tally ERP"
Master's,Finance,"Communication, Counseling, Financial Analysis",Digital Marketing,61,Business Analyst,"Master's Finance Communication, Counseling, Financial Analysis Digital Marketing"
Bachelor's,Commerce,"Communication, Data Analysis",AWS Certified,91,Research Scientist,"Bachelor's Commerce Communication, Data Analysis AWS Certified"
Matric,Finance,"Accounting, Financial Analysis",Digital Marketing,81,Software Engineer,"Matric Finance Accounting, Financial Analysis Digital Marketing"
Master's,Finance,"SQL, MS Office",Mental Health Basics,95,Software Engineer,"Master's Finance SQL, MS Office Mental Health Basics"
PhD,Science,"Machine Learning, MS Office",Digital Marketing,84,Software Engineer,"PhD Science Machine Learning, MS Office Digital Marketing"
PhD,Engineering,"Machine Learning, MS Office, Data Analysis",,77,Business Analyst,
Master's,Computer Science,SQL,CFA Level 1,91,Business Analyst,Master's Computer Science SQL CFA Level 1
PhD,Finance,Python,Google Data Analytics,75,Business Analyst,PhD Finance Python Google Data Analytics
Matric,Commerce,"Counseling, Machine Learning, Accounting",Mental Health Basics,63,Research Scientist,"Matric Commerce Counseling, Machine Learning, Accounting Mental Health Basics"
Master's,Computer Science,"Data Analysis, Machine Learning, MS Office",Digital Marketing,62,ML Engineer,"Master's Computer Science Data Analysis, Machine Learning, MS Office Digital Marketing"
Bachelor's,Finance,Marketing,Creative Writing,71,Business Analyst,Bachelor's Finance Marketing Creative Writing
Bachelor's,Commerce,Python,CFA Level 1,90,Software Engineer,Bachelor's Commerce Python CFA Level 1
Master's,Psychology,Data Analysis,Creative Writing,90,Software Engineer,Master's Psychology Data Analysis Creative Writing
Bachelor's,Engineering,MS Office,AWS Certified,83,ML Engineer,Bachelor's Engineering MS Office AWS Certified
Bachelor's,Computer Science,"Accounting, Counseling, Machine Learning",,73,Software Engineer,
Bachelor's,Science,Counseling,Creative Writing,71,Software Engineer,Bachelor's Science Counseling Creative Writing
Bachelor's,Business,"Counseling, Python",Google Data Analytics,83,Research Scientist,"Bachelor's Business Counseling, Python Google Data Analytics"
PhD,Computer Science,"Machine Learning, Python",CFA Level 1,62,Software Engineer,"PhD Computer Science Machine Learning, Python CFA Level 1"
Master's,Finance,Communication,Google Data Analytics,67,Software Engineer,Master's Finance Communication Google Data Analytics
Intermediate,Computer Science,"Counseling, Data Analysis",Creative Writing,64,Business Analyst,"Intermediate Computer Science Counseling, Data Analysis Creative Writing"
Bachelor's,Finance,MS Office,Mental Health Basics,89,ML Engineer,Bachelor's Finance MS Office Mental Health Basics
Master's,Engineering,"Financial Analysis, Accounting",Creative Writing,70,Research Scientist,"Master's Engineering Financial Analysis, Accounting Creative Writing"
PhD,Arts,"MS Office, Accounting",AWS Certified,91,ML Engineer,"PhD Arts MS Office, Accounting AWS Certified"
Matric,Finance,"Financial Analysis, Accounting, Communication",Google Data Analytics,75,Research Scientist,"Matric Finance Financial Analysis, Accounting, Communication Google Data Analytics"
Matric,Finance,"Counseling, MS Office",Creative Writing,78,Research Scientist,"Matric Finance Counseling, MS Office Creative Writing"
Bachelor's,Business,"Python, MS Office, Marketing",Creative Writing,77,Software Engineer,"Bachelor's Business Python, MS Office, Marketing Creative Writing"
Bachelor's,Computer Science,"MS Office, Communication, Counseling",Mental Health Basics,71,Research Scientist,"Bachelor's Computer Science MS Office, Communication, Counseling Mental Health Basics"
PhD,Computer Science,Data Analysis,CFA Level 1,74,Business Analyst,PhD Computer Science Data Analysis CFA Level 1
Matric,Psychology,"Communication, SQL",Mental Health Basics,91,ML Engineer,"Matric Psychology Communication, SQL Mental Health Basics"
Matric,Computer Science,"Marketing, Accounting",CFA Level 1,93,Software Engineer,"Matric Computer Science Marketing, Accounting CFA Level 1"
Intermediate,Business,Python,Mental Health Basics,82,Business Analyst,Intermediate Business Python Mental Health Basics
PhD,Computer Science,"Financial Analysis, MS Office, Python",Digital Marketing,80,Research Scientist,"PhD Computer Science Financial Analysis, MS Office, Python Digital Marketing"
Bachelor's,Engineering,"Marketing, Communication",Tally ERP,73,ML Engineer,"Bachelor's Engineering Marketing, Communication Tally ERP"
Master's,Engineering,Data Analysis,Tally ERP,75,Research Scientist,Master's Engineering Data Analysis Tally ERP
Bachelor's,Computer Science,Financial Analysis,AWS Certified,65,Business Analyst,Bachelor's Computer Science Financial Analysis AWS Certified
Master's,Psychology,Financial Analysis,Google Data Analytics,95,Research Scientist,Master's Psychology Financial Analysis Google Data Analytics
Intermediate,Psychology,Communication,Digital Marketing,92,Research Scientist,Intermediate Psychology Communication Digital Marketing
Intermediate,Arts,Python,AWS Certified,75,ML Engineer,Intermediate Arts Python AWS Certified
Master's,Finance,"Data Analysis, Python, Financial Analysis",CFA Level 1,66,Research Scientist,"Master's Finance Data Analysis, Python, Financial Analysis CFA Level 1"
PhD,Computer Science,"Accounting, Counseling",Mental Health Basics,70,Software Engineer,"PhD Computer Science Accounting, Counseling Mental Health Basics"
Intermediate,Commerce,Python,Mental Health Basics,69,ML Engineer,Intermediate Commerce Python Mental Health Basics
Matric,Commerce,"Marketing, Financial Analysis",CFA Level 1,85,Research Scientist,"Matric Commerce Marketing, Financial Analysis CFA Level 1"
Intermediate,Science,"Data Analysis, Python, Communication",Digital Marketing,95,ML Engineer,"Intermediate Science Data Analysis, Python, Communication Digital Marketing"
PhD,Computer Science,SQL,Creative Writing,90,ML Engineer,PhD Computer Science SQL Creative Writing
Bachelor's,Science,"MS Office, SQL, Marketing",AWS Certified,78,Research Scientist,"Bachelor's Science MS Office, SQL, Marketing AWS Certified"
PhD,Science,SQL,Tally ERP,73,Research Scientist,PhD Science SQL Tally ERP
Intermediate,Finance,Accounting,Tally ERP,69,Business Analyst,Intermediate Finance Accounting Tally ERP
Matric,Science,"Machine Learning, SQL, Python",AWS Certified,82,Business Analyst,"Matric Science Machine Learning, SQL, Python AWS Certified"
PhD,Computer Science,"Marketing, Communication",CFA Level 1,73,Software Engineer,"PhD Computer Science Marketing, Communication CFA Level 1"
Master's,Finance,"Data Analysis, Marketing",AWS Certified,77,Business Analyst,"Master's Finance Data Analysis, Marketing AWS Certified"
Master's,Psychology,"Machine Learning, MS Office, Counseling",AWS Certified,84,ML Engineer,"Master's Psychology Machine Learning, MS Office, Counseling AWS Certified"
Bachelor's,Science,"Counseling, MS Office, Data Analysis",CFA Level 1,81,ML Engineer,"Bachelor's Science Counseling, MS Office, Data Analysis CFA Level 1"
Intermediate,Finance,"MS Office, Python, Counseling",Tally ERP,93,Research Scientist,"Intermediate Finance MS Office, Python, Counseling Tally ERP"
Bachelor's,Computer Science,"Communication, Marketing, SQL",,71,Software Engineer,
PhD,Science,Data Analysis,CFA Level 1,88,Software Engineer,PhD Science Data Analysis CFA Level 1
PhD,Finance,"SQL, MS Office, Financial Analysis",Tally ERP,90,Software Engineer,"PhD Finance SQL, MS Office, Financial Analysis Tally ERP"
Bachelor's,Science,"Accounting, SQL",Tally ERP,62,Business Analyst,"Bachelor's Science Accounting, SQL Tally ERP"
Intermediate,Engineering,"Communication, Accounting, Counseling",AWS Certified,68,Software Engineer,"Intermediate Engineering Communication, Accounting, Counseling AWS Certified"
Bachelor's,Commerce,"Communication, Marketing",Tally ERP,65,ML Engineer,"Bachelor's Commerce Communication, Marketing Tally ERP"
Intermediate,Commerce,"Python, Machine Learning, MS Office",Creative Writing,91,Business Analyst,"Intermediate Commerce Python, Machine Learning, MS Office Creative Writing"
Matric,Business,"Machine Learning, Accounting, Financial Analysis",Creative Writing,83,Research Scientist,"Matric Business Machine Learning, Accounting, Financial Analysis Creative Writing"
PhD,Arts,"SQL, MS Office",Digital Marketing,90,ML Engineer,"PhD Arts SQL, MS Office Digital Marketing"
Bachelor's,Arts,MS Office,Creative Writing,94,Business Analyst,Bachelor's Arts MS Office Creative Writing
PhD,Business,"MS Office, Communication",Google Data Analytics,91,Research Scientist,"PhD Business MS Office, Communication Google Data Analytics"
Bachelor's,Science,"Marketing, Financial Analysis, Machine Learning",,71,Software Engineer,
Matric,Finance,"Machine Learning, Counseling, Accounting",Digital Marketing,68,ML Engineer,"Matric Finance Machine Learning, Counseling, Accounting Digital Marketing"
Intermediate,Business,"Marketing, Accounting, Communication",CFA Level 1,76,ML Engineer,"Intermediate Business Marketing, Accounting, Communication CFA Level 1"
Matric,Psychology,"Counseling, SQL, Machine Learning",AWS Certified,90,ML Engineer,"Matric Psychology Counseling, SQL, Machine Learning AWS Certified"
Master's,Finance,"Machine Learning, Financial Analysis",,94,Research Scientist,
Master's,Commerce,Machine Learning,Digital Marketing,80,Software Engineer,Master's Commerce Machine Learning Digital Marketing
PhD,Arts,"Python, Counseling, Accounting",Google Data Analytics,64,Software Engineer,"PhD Arts Python, Counseling, Accounting Google Data Analytics"
Bachelor's,Finance,"Marketing, Counseling, Financial Analysis",CFA Level 1,93,Business Analyst,"Bachelor's Finance Marketing, Counseling, Financial Analysis CFA Level 1"
Bachelor's,Engineering,"Financial Analysis, Counseling",Mental Health Basics,67,Software Engineer,"Bachelor's Engineering Financial Analysis, Counseling Mental Health Basics"
Bachelor's,Engineering,"Financial Analysis, Counseling",,76,Research Scientist,
PhD,Computer Science,"Accounting, Marketing",Google Data Analytics,70,Research Scientist,"PhD Computer Science Accounting, Marketing Google Data Analytics"
Matric,Science,Counseling,Creative Writing,74,Software Engineer,Matric Science Counseling Creative Writing
Intermediate,Finance,Marketing,AWS Certified,69,Business Analyst,Intermediate Finance Marketing AWS Certified
Intermediate,Business,"Data Analysis, Counseling, Accounting",CFA Level 1,85,ML Engineer,"Intermediate Business Data Analysis, Counseling, Accounting CFA Level 1"
Intermediate,Computer Science,"Counseling, Machine Learning",Mental Health Basics,80,Software Engineer,"Intermediate Computer Science Counseling, Machine Learning Mental Health Basics"
Intermediate,Computer Science,MS Office,,86,Research Scientist,
Master's,Computer Science,Accounting,Digital Marketing,66,ML Engineer,Master's Computer Science Accounting Digital Marketing
PhD,Business,"Counseling, Communication",Google Data Analytics,71,Business Analyst,"PhD Business Counseling, Communication Google Data Analytics"
Intermediate,Psychology,"Accounting, Data Analysis",Digital Marketing,81,Software Engineer,"Intermediate Psychology Accounting, Data Analysis Digital Marketing"
Bachelor's,Science,"Accounting, Data Analysis",Digital Marketing,76,Business Analyst,"Bachelor's Science Accounting, Data Analysis Digital Marketing"
Matric,Computer Science,"Machine Learning, MS Office",Google Data Analytics,85,Software Engineer,"Matric Computer Science Machine Learning, MS Office Google Data Analytics"
Matric,Science,"SQL, Communication",Mental Health Basics,75,Research Scientist,"Matric Science SQL, Communication Mental Health Basics"
PhD,Computer Science,MS Office,AWS Certified,80,ML Engineer,PhD Computer Science MS Office AWS Certified
Matric,Arts,Financial Analysis,AWS Certified,78,Software Engineer,Matric Arts Financial Analysis AWS Certified
Master's,Finance,"Counseling, Accounting, Python",Tally ERP,63,Research Scientist,"Master's Finance Counseling, Accounting, Python Tally ERP"
PhD,Finance,"Counseling, MS Office, Communication",Creative Writing,93,Business Analyst,"PhD Finance Counseling, MS Office, Communication Creative Writing"
PhD,Arts,Marketing,Tally ERP,76,Research Scientist,PhD Arts Marketing Tally ERP
Matric,Finance,"Accounting, Communication",CFA Level 1,63,ML Engineer,"Matric Finance Accounting, Communication CFA Level 1"
Master's,Finance,Accounting,Creative Writing,88,Business Analyst,Master's Finance Accounting Creative Writing
PhD,Computer Science,"MS Office, Accounting, SQL",Digital Marketing,92,ML Engineer,"PhD Computer Science MS Office, Accounting, SQL Digital Marketing"
Intermediate,Psychology,"Accounting, Communication, Financial Analysis",Digital Marketing,82,Research Scientist,"Intermediate Psychology Accounting, Communication, Financial Analysis Digital Marketing"
Bachelor's,Science,SQL,Mental Health Basics,84,Business Analyst,Bachelor's Science SQL Mental Health Basics
Intermediate,Psychology,Accounting,Tally ERP,91,Research Scientist,Intermediate Psychology Accounting Tally ERP
Master's,Psychology,Counseling,Creative Writing,86,Research Scientist,Master's Psychology Counseling Creative Writing
Bachelor's,Computer Science,Counseling,CFA Level 1,85,Business Analyst,Bachelor's Computer Science Counseling CFA Level 1
Master's,Psychology,"Accounting, Financial Analysis",Google Data Analytics,93,Software Engineer,"Master's Psychology Accounting, Financial Analysis Google Data Analytics"
Master's,Engineering,"Counseling, Python",Digital Marketing,82,Software Engineer,"Master's Engineering Counseling, Python Digital Marketing"
PhD,Finance,SQL,Mental Health Basics,83,ML Engineer,PhD Finance SQL Mental Health Basics
Master's,Commerce,Financial Analysis,Mental Health Basics,60,Research Scientist,Master's Commerce Financial Analysis Mental Health Basics
Matric,Business,"Python, Marketing",CFA Level 1,77,Research Scientist,"Matric Business Python, Marketing CFA Level 1"
Intermediate,Arts,"Machine Learning, Accounting",Mental Health Basics,85,Software Engineer,"Intermediate Arts Machine Learning, Accounting Mental Health Basics"
Intermediate,Computer Science,"Data Analysis, Financial Analysis",AWS Certified,77,Business Analyst,"Intermediate Computer Science Data Analysis, Financial Analysis AWS Certified"
Matric,Business,MS Office,Digital Marketing,75,ML Engineer,Matric Business MS Office Digital Marketing
Matric,Science,"Accounting, Communication, Marketing",,90,Business Analyst,
Master's,Arts,"Data Analysis, Machine Learning, SQL",Creative Writing,81,Business Analyst,"Master's Arts Data Analysis, Machine Learning, SQL Creative Writing"
Master's,Arts,"Data Analysis, SQL, Communication",Google Data Analytics,66,Research Scientist,"Master's Arts Data Analysis, SQL, Communication Google Data Analytics"
Matric,Engineering,Data Analysis,Mental Health Basics,74,Business Analyst,Matric Engineering Data Analysis Mental Health Basics
PhD,Engineering,"Marketing, Data Analysis, Counseling",CFA Level 1,81,Research Scientist,"PhD Engineering Marketing, Data Analysis, Counseling CFA Level 1"
PhD,Science,Machine Learning,Digital Marketing,94,Software Engineer,PhD Science Machine Learning Digital Marketing
Intermediate,Commerce,Machine Learning,Tally ERP,72,Software Engineer,Intermediate Commerce Machine Learning Tally ERP
Master's,Psychology,"MS Office, Machine Learning, Python",AWS Certified,87,Research Scientist,"Master's Psychology MS Office, Machine Learning, Python AWS Certified"
Intermediate,Arts,"Machine Learning, Communication",Digital Marketing,94,Software Engineer,"Intermediate Arts Machine Learning, Communication Digital Marketing"
Matric,Finance,"Financial Analysis, MS Office",AWS Certified,83,Business Analyst,"Matric Finance Financial Analysis, MS Office AWS Certified"
Matric,Engineering,"Financial Analysis, Python",Mental Health Basics,79,Software Engineer,"Matric Engineering Financial Analysis, Python Mental Health Basics"
Matric,Engineering,"MS Office, Communication, Python",Google Data Analytics,78,Business Analyst,"Matric Engineering MS Office, Communication, Python Google Data Analytics"
Intermediate,Psychology,"MS Office, Counseling",Google Data Analytics,74,ML Engineer,"Intermediate Psychology MS Office, Counseling Google Data Analytics"
Master's,Science,"Marketing, Counseling, MS Office",Mental Health Basics,92,Software Engineer,"Master's Science Marketing, Counseling, MS Office Mental Health Basics"
Bachelor's,Engineering,"Marketing, Python",Google Data Analytics,83,Business Analyst,"Bachelor's Engineering Marketing, Python Google Data Analytics"
Bachelor's,Finance,"SQL, Counseling",Google Data Analytics,77,Research Scientist,"Bachelor's Finance SQL, Counseling Google Data Analytics"
Master's,Business,Communication,CFA Level 1,91,ML Engineer,Master's Business Communication CFA Level 1
Master's,Computer Science,Counseling,Creative Writing,60,Software Engineer,Master's Computer Science Counseling Creative Writing
Bachelor's,Engineering,Python,,80,ML Engineer,
Master's,Commerce,"Data Analysis, MS Office",AWS Certified,63,Software Engineer,"Master's Commerce Data Analysis, MS Office AWS Certified"
Matric,Science,MS Office,Tally ERP,90,ML Engineer,Matric Science MS Office Tally ERP
PhD,Commerce,"Accounting, Python, Counseling",Creative Writing,93,Business Analyst,"PhD Commerce Accounting, Python, Counseling Creative Writing"
Bachelor's,Finance,"Communication, SQL, MS Office",,92,Software Engineer,
Master's,Science,MS Office,AWS Certified,60,Software Engineer,Master's Science MS Office AWS Certified
PhD,Arts,"Machine Learning, Marketing, Data Analysis",CFA Level 1,70,Research Scientist,"PhD Arts Machine Learning, Marketing, Data Analysis CFA Level 1"
Master's,Arts,Machine Learning,Google Data Analytics,65,Research Scientist,Master's Arts Machine Learning Google Data Analytics
Intermediate,Science,"Counseling, Python",CFA Level 1,92,Research Scientist,"Intermediate Science Counseling, Python CFA Level 1"
Bachelor's,Finance,"SQL, Data Analysis",Creative Writing,60,ML Engineer,"Bachelor's Finance SQL, Data Analysis Creative Writing"
Bachelor's,Engineering,"Financial Analysis, Machine Learning",,86,Research Scientist,
Bachelor's,Psychology,"Marketing, MS Office, Accounting",Creative Writing,64,Business Analyst,"Bachelor's Psychology Marketing, MS Office, Accounting Creative Writing"
Bachelor's,Psychology,"Accounting, Marketing",AWS Certified,92,Business Analyst,"Bachelor's Psychology Accounting, Marketing AWS Certified"
Master's,Computer Science,SQL,AWS Certified,76,Business Analyst,Master's Computer Science SQL AWS Certified
Matric,Finance,"Marketing, SQL, Financial Analysis",Tally ERP,79,Business Analyst,"Matric Finance Marketing, SQL, Financial Analysis Tally ERP"
Matric,Engineering,Machine Learning,Creative Writing,69,Research Scientist,Matric Engineering Machine Learning Creative Writing
Intermediate,Finance,SQL,Digital Marketing,61,Software Engineer,Intermediate Finance SQL Digital Marketing
Intermediate,Psychology,"Accounting, Counseling",Mental Health Basics,66,Business Analyst,"Intermediate Psychology Accounting, Counseling Mental Health Basics"
Master's,Psychology,Data Analysis,Mental Health Basics,71,Research Scientist,Master's Psychology Data Analysis Mental Health Basics
PhD,Finance,"Python, Data Analysis, Marketing",AWS Certified,81,ML Engineer,"PhD Finance Python, Data Analysis, Marketing AWS Certified"
Matric,Arts,"MS Office, SQL",Mental Health Basics,88,Software Engineer,"Matric Arts MS Office, SQL Mental Health Basics"
Master's,Psychology,SQL,Digital Marketing,72,ML Engineer,Master's Psychology SQL Digital Marketing
Master's,Psychology,"Accounting, Counseling",CFA Level 1,81,ML Engineer,"Master's Psychology Accounting, Counseling CFA Level 1"
Intermediate,Commerce,"Counseling, Financial Analysis",Creative Writing,86,Business Analyst,"Intermediate Commerce Counseling, Financial Analysis Creative Writing"
Bachelor's,Business,"Python, Communication, Counseling",Google Data Analytics,93,Business Analyst,"Bachelor's Business Python, Communication, Counseling Google Data Analytics"
Bachelor's,Finance,"Machine Learning, Accounting",AWS Certified,78,ML Engineer,"Bachelor's Finance Machine Learning, Accounting AWS Certified"
Bachelor's,Science,MS Office,Digital Marketing,90,ML Engineer,Bachelor's Science MS Office Digital Marketing
Bachelor's,Computer Science,Python,Google Data Analytics,64,Business Analyst,Bachelor's Computer Science Python Google Data Analytics
Intermediate,Business,"Communication, SQL",Mental Health Basics,70,Software Engineer,"Intermediate Business Communication, SQL Mental Health Basics"
Bachelor's,Business,"Accounting, Communication, Counseling",AWS Certified,87,ML Engineer,"Bachelor's Business Accounting, Communication, Counseling AWS Certified"
PhD,Business,"SQL, Data Analysis",Creative Writing,82,Research Scientist,"PhD Business SQL, Data Analysis Creative Writing"
Master's,Engineering,Communication,CFA Level 1,76,Software Engineer,Master's Engineering Communication CFA Level 1
Master's,Arts,MS Office,AWS Certified,83,ML Engineer,Master's Arts MS Office AWS Certified
Intermediate,Business,"Accounting, MS Office",CFA Level 1,79,Software Engineer,"Intermediate Business Accounting, MS Office CFA Level 1"
Intermediate,Finance,"Accounting, Marketing, Data Analysis",AWS Certified,85,Research Scientist,"Intermediate Finance Accounting, Marketing, Data Analysis AWS Certified"
Matric,Psychology,"Financial Analysis, Marketing, Counseling",Creative Writing,92,Research Scientist,"Matric Psychology Financial Analysis, Marketing, Counseling Creative Writing"
Matric,Engineering,"MS Office, Communication, Counseling",Mental Health Basics,73,ML Engineer,"Matric Engineering MS Office, Communication, Counseling Mental Health Basics"
Intermediate,Science,"Accounting, Machine Learning, Communication",AWS Certified,76,Software Engineer,"Intermediate Science Accounting, Machine Learning, Communication AWS Certified"
Intermediate,Psychology,"Python, Accounting",Tally ERP,86,Software Engineer,"Intermediate Psychology Python, Accounting Tally ERP"
Bachelor's,Arts,"Marketing, Financial Analysis",AWS Certified,62,Software Engineer,"Bachelor's Arts Marketing, Financial Analysis AWS Certified"
Matric,Finance,"Machine Learning, Marketing, Data Analysis",Google Data Analytics,78,ML Engineer,"Matric Finance Machine Learning, Marketing, Data Analysis Google Data Analytics"
Intermediate,Arts,"MS Office, Communication",Creative Writing,82,Business Analyst,"Intermediate Arts MS Office, Communication Creative Writing"
Master's,Computer Science,"Data Analysis, MS Office",AWS Certified,78,Research Scientist,"Master's Computer Science Data Analysis, MS Office AWS Certified"
Bachelor's,Psychology,Accounting,Google Data Analytics,78,Research Scientist,Bachelor's Psychology Accounting Google Data Analytics
Intermediate,Science,MS Office,Google Data Analytics,63,Software Engineer,Intermediate Science MS Office Google Data Analytics
Intermediate,Engineering,"Accounting, MS Office, Counseling",Google Data Analytics,87,Research Scientist,"Intermediate Engineering Accounting, MS Office, Counseling Google Data Analytics"
Intermediate,Computer Science,"Counseling, Marketing, MS Office",AWS Certified,65,Business Analyst,"Intermediate Computer Science Counseling, Marketing, MS Office AWS Certified"
Master's,Engineering,"Accounting, MS Office, Data Analysis",AWS Certified,67,Research Scientist,"Master's Engineering Accounting, MS Office, Data Analysis AWS Certified"
Master's,Business,"Communication, SQL, Accounting",Digital Marketing,73,Software Engineer,"Master's Business Communication, SQL, Accounting Digital Marketing"
Matric,Psychology,"Python, MS Office",Creative Writing,79,Research Scientist,"Matric Psychology Python, MS Office Creative Writing"
Bachelor's,Arts,"MS Office, Financial Analysis, Data Analysis",Google Data Analytics,60,Software Engineer,"Bachelor's Arts MS Office, Financial Analysis, Data Analysis Google Data Analytics"
Master's,Business,"Accounting, Python, Data Analysis",CFA Level 1,60,Research Scientist,"Master's Business Accounting, Python, Data Analysis CFA Level 1"
Bachelor's,Engineering,Accounting,Tally ERP,92,Software Engineer,Bachelor's Engineering Accounting Tally ERP
Bachelor's,Commerce,"Communication, Accounting",Digital Marketing,68,Software Engineer,"Bachelor's Commerce Communication, Accounting Digital Marketing"
Master's,Commerce,"Marketing, Communication",Digital Marketing,72,Research Scientist,"Master's Commerce Marketing, Communication Digital Marketing"
Master's,Science,Counseling,,90,Software Engineer,
Matric,Finance,"SQL, Data Analysis",AWS Certified,82,Research Scientist,"Matric Finance SQL, Data Analysis AWS Certified"
Master's,Psychology,Financial Analysis,Mental Health Basics,89,Research Scientist,Master's Psychology Financial Analysis Mental Health Basics
PhD,Commerce,"Python, Machine Learning",AWS Certified,64,Research Scientist,"PhD Commerce Python, Machine Learning AWS Certified"
Matric,Arts,"Accounting, Financial Analysis",Google Data Analytics,95,ML Engineer,"Matric Arts Accounting, Financial Analysis Google Data Analytics"
Master's,Finance,"Financial Analysis, Python",Creative Writing,82,Business Analyst,"Master's Finance Financial Analysis, Python Creative Writing"
PhD,Psychology,"Communication, SQL",CFA Level 1,79,Software Engineer,"PhD Psychology Communication, SQL CFA Level 1"
Intermediate,Business,SQL,Mental Health Basics,79,Business Analyst,Intermediate Business SQL Mental Health Basics
Bachelor's,Finance,Machine Learning,Creative Writing,66,Research Scientist,Bachelor's Finance Machine Learning Creative Writing
Master's,Computer Science,Python,Mental Health Basics,92,Business Analyst,Master's Computer Science Python Mental Health Basics
PhD,Engineering,"Marketing, Counseling, SQL",Mental Health Basics,76,ML Engineer,"PhD Engineering Marketing, Counseling, SQL Mental Health Basics"
Master's,Psychology,"MS Office, Machine Learning, Python",Digital Marketing,91,Software Engineer,"Master's Psychology MS Office, Machine Learning, Python Digital Marketing"
Master's,Business,"Financial Analysis, Data Analysis",Mental Health Basics,74,Research Scientist,"Master's Business Financial Analysis, Data Analysis Mental Health Basics"
Master's,Science,"Financial Analysis, SQL, Counseling",,61,Research Scientist,
PhD,Commerce,"Accounting, Counseling",Google Data Analytics,89,Business Analyst,"PhD Commerce Accounting, Counseling Google Data Analytics"
Master's,Engineering,Machine Learning,Mental Health Basics,72,Software Engineer,Master's Engineering Machine Learning Mental Health Basics
PhD,Arts,"Counseling, Data Analysis, Communication",Google Data Analytics,84,Business Analyst,"PhD Arts Counseling, Data Analysis, Communication Google Data Analytics"
Master's,Arts,Data Analysis,Tally ERP,61,Research Scientist,Master's Arts Data Analysis Tally ERP
Matric,Computer Science,"Python, Machine Learning, Communication",Mental Health Basics,93,Research Scientist,"Matric Computer Science Python, Machine Learning, Communication Mental Health Basics"
Intermediate,Psychology,"Counseling, SQL",Creative Writing,70,Business Analyst,"Intermediate Psychology Counseling, SQL Creative Writing"
Matric,Commerce,"Python, Financial Analysis",Digital Marketing,74,ML Engineer,"Matric Commerce Python, Financial Analysis Digital Marketing"
Intermediate,Engineering,"Communication, Counseling",CFA Level 1,72,Business Analyst,"Intermediate Engineering Communication, Counseling CFA Level 1"
Master's,Business,"Machine Learning, MS Office, SQL",Mental Health Basics,65,Business Analyst,"Master's Business Machine Learning, MS Office, SQL Mental Health Basics"
Master's,Science,"Python, Accounting",Google Data Analytics,93,Business Analyst,"Master's Science Python, Accounting Google Data Analytics"
Bachelor's,Science,"Marketing, Communication, Financial Analysis",Tally ERP,70,Business Analyst,"Bachelor's Science Marketing, Communication, Financial Analysis Tally ERP"
Bachelor's,Science,Financial Analysis,Tally ERP,89,Business Analyst,Bachelor's Science Financial Analysis Tally ERP
Bachelor's,Psychology,"Python, Communication",Google Data Analytics,90,Research Scientist,"Bachelor's Psychology Python, Communication Google Data Analytics"
Matric,Computer Science,"Communication, Accounting, MS Office",Mental Health Basics,87,Research Scientist,"Matric Computer Science Communication, Accounting, MS Office Mental Health Basics"
Intermediate,Arts,"Machine Learning, Python",Mental Health Basics,65,Business Analyst,"Intermediate Arts Machine Learning, Python Mental Health Basics"
Matric,Arts,Data Analysis,Creative Writing,95,Software Engineer,Matric Arts Data Analysis Creative Writing
PhD,Finance,"Counseling, Financial Analysis, MS Office",Tally ERP,76,Research Scientist,"PhD Finance Counseling, Financial Analysis, MS Office Tally ERP"
PhD,Computer Science,"Communication, Accounting",Digital Marketing,71,ML Engineer,"PhD Computer Science Communication, Accounting Digital Marketing"
Matric,Science,"Python, Accounting, MS Office",Creative Writing,86,Software Engineer,"Matric Science Python, Accounting, MS Office Creative Writing"
Master's,Finance,Python,,63,Research Scientist,
Intermediate,Arts,"SQL, Marketing",CFA Level 1,84,Software Engineer,"Intermediate Arts SQL, Marketing CFA Level 1"
Master's,Finance,"Python, Accounting",CFA Level 1,68,Business Analyst,"Master's Finance Python, Accounting CFA Level 1"
Matric,Arts,Financial Analysis,Digital Marketing,71,Research Scientist,Matric Arts Financial Analysis Digital Marketing
Master's,Psychology,"Financial Analysis, Accounting, Marketing",Google Data Analytics,69,Research Scientist,"Master's Psychology Financial Analysis, Accounting, Marketing Google Data Analytics"
Matric,Engineering,"Machine Learning, Python",Mental Health Basics,61,Research Scientist,"Matric Engineering Machine Learning, Python Mental Health Basics"
Matric,Science,Communication,AWS Certified,85,Research Scientist,Matric Science Communication AWS Certified
Master's,Arts,"Data Analysis, Financial Analysis, Python",Digital Marketing,86,ML Engineer,"Master's Arts Data Analysis, Financial Analysis, Python Digital Marketing"
PhD,Engineering,Accounting,Creative Writing,63,Software Engineer,PhD Engineering Accounting Creative Writing
Intermediate,Business,"MS Office, Communication, Machine Learning",Creative Writing,92,Software Engineer,"Intermediate Business MS Office, Communication, Machine Learning Creative Writing"
Matric,Computer Science,"MS Office, Accounting",Tally ERP,61,Business Analyst,"Matric Computer Science MS Office, Accounting Tally ERP"
Master's,Psychology,"MS Office, Financial Analysis, SQL",Google Data Analytics,72,Business Analyst,"Master's Psychology MS Office, Financial Analysis, SQL Google Data Analytics"
Matric,Psychology,"Counseling, Communication, Accounting",Creative Writing,64,Software Engineer,"Matric Psychology Counseling, Communication, Accounting Creative Writing"
Intermediate,Engineering,MS Office,Mental Health Basics,63,Business Analyst,Intermediate Engineering MS Office Mental Health Basics
PhD,Psychology,"Python, Accounting",,78,Research Scientist,
Bachelor's,Commerce,"Communication, MS Office, Accounting",Tally ERP,79,Research Scientist,"Bachelor's Commerce Communication, MS Office, Accounting Tally ERP"
Matric,Commerce,Machine Learning,Tally ERP,61,Business Analyst,Matric Commerce Machine Learning Tally ERP
Bachelor's,Finance,"MS Office, Counseling",Tally ERP,84,ML Engineer,"Bachelor's Finance MS Office, Counseling Tally ERP"
Master's,Engineering,Marketing,Mental Health Basics,72,Research Scientist,Master's Engineering Marketing Mental Health Basics
Intermediate,Arts,Accounting,Creative Writing,95,ML Engineer,Intermediate Arts Accounting Creative Writing
Master's,Finance,"Financial Analysis, Machine Learning, Accounting",CFA Level 1,92,ML Engineer,"Master's Finance Financial Analysis, Machine Learning, Accounting CFA Level 1"
PhD,Computer Science,"Financial Analysis, MS Office, Counseling",Mental Health Basics,83,Business Analyst,"PhD Computer Science Financial Analysis, MS Office, Counseling Mental Health Basics"
Master's,Engineering,"Python, Financial Analysis, Marketing",Digital Marketing,94,Software Engineer,"Master's Engineering Python, Financial Analysis, Marketing Digital Marketing"
Intermediate,Science,SQL,Mental Health Basics,67,Business Analyst,Intermediate Science SQL Mental Health Basics
Bachelor's,Arts,"Machine Learning, MS Office",,80,Business Analyst,
Master's,Engineering,"Marketing, Counseling",Digital Marketing,69,Research Scientist,"Master's Engineering Marketing, Counseling Digital Marketing"
Matric,Commerce,Financial Analysis,,79,Research Scientist,
PhD,Psychology,"Counseling, Financial Analysis",CFA Level 1,74,ML Engineer,"PhD Psychology Counseling, Financial Analysis CFA Level 1"
Intermediate,Engineering,Data Analysis,Digital Marketing,71,ML Engineer,Intermediate Engineering Data Analysis Digital Marketing
Bachelor's,Science,"Financial Analysis, Accounting",Tally ERP,82,ML Engineer,"Bachelor's Science Financial Analysis, Accounting Tally ERP"
Master's,Computer Science,"Machine Learning, Communication, Marketing",Digital Marketing,69,Business Analyst,"Master's Computer Science Machine Learning, Communication, Marketing Digital Marketing"
Intermediate,Finance,"Machine Learning, Financial Analysis, MS Office",,87,Business Analyst,
Intermediate,Business,MS Office,Creative Writing,65,Business Analyst,Intermediate Business MS Office Creative Writing
Master's,Finance,"Python, MS Office, SQL",,77,Research Scientist,
Bachelor's,Commerce,MS Office,Creative Writing,81,ML Engineer,Bachelor's Commerce MS Office Creative Writing
Master's,Business,"MS Office, Python, SQL",CFA Level 1,71,ML Engineer,"Master's Business MS Office, Python, SQL CFA Level 1"
PhD,Finance,Data Analysis,Tally ERP,94,Business Analyst,PhD Finance Data Analysis Tally ERP
Matric,Finance,Python,Tally ERP,67,Software Engineer,Matric Finance Python Tally ERP
Matric,Psychology,"SQL, Data Analysis",AWS Certified,78,Business Analyst,"Matric Psychology SQL, Data Analysis AWS Certified"
PhD,Commerce,"Marketing, Data Analysis",Tally ERP,76,Business Analyst,"PhD Commerce Marketing, Data Analysis Tally ERP"
Bachelor's,Computer Science,"Marketing, MS Office, Financial Analysis",,81,Research Scientist,
PhD,Psychology,"Data Analysis, Machine Learning",Digital Marketing,92,Business Analyst,"PhD Psychology Data Analysis, Machine Learning Digital Marketing"
Master's,Engineering,"Accounting, Machine Learning, Communication",Google Data Analytics,91,Research Scientist,"Master's Engineering Accounting, Machine Learning, Communication Google Data Analytics"
Intermediate,Commerce,Marketing,Digital Marketing,73,ML Engineer,Intermediate Commerce Marketing Digital Marketing
Intermediate,Finance,"Counseling, Python",Tally ERP,62,ML Engineer,"Intermediate Finance Counseling, Python Tally ERP"
Master's,Engineering,"SQL, Communication",AWS Certified,85,Software Engineer,"Master's Engineering SQL, Communication AWS Certified"
Intermediate,Business,Marketing,Creative Writing,90,ML Engineer,Intermediate Business Marketing Creative Writing
Master's,Arts,"Marketing, Python, Accounting",CFA Level 1,88,Research Scientist,"Master's Arts Marketing, Python, Accounting CFA Level 1"
Intermediate,Psychology,SQL,Google Data Analytics,85,Research Scientist,Intermediate Psychology SQL Google Data Analytics
Matric,Arts,"Accounting, MS Office, Marketing",,65,Software Engineer,
Intermediate,Arts,"MS Office, Data Analysis",CFA Level 1,94,ML Engineer,"Intermediate Arts MS Office, Data Analysis CFA Level 1"
Master's,Arts,"SQL, Marketing, MS Office",Digital Marketing,87,ML Engineer,"Master's Arts SQL, Marketing, MS Office Digital Marketing"
PhD,Computer Science,"MS Office, Accounting",Google Data Analytics,72,Software Engineer,"PhD Computer Science MS Office, Accounting Google Data Analytics"
Master's,Business,Counseling,,87,Research Scientist,
PhD,Finance,"Machine Learning, Financial Analysis",Digital Marketing,82,Business Analyst,"PhD Finance Machine Learning, Financial Analysis Digital Marketing"
Matric,Science,Data Analysis,Mental Health Basics,86,Software Engineer,Matric Science Data Analysis Mental Health Basics
PhD,Computer Science,"Machine Learning, Python, Financial Analysis",CFA Level 1,72,ML Engineer,"PhD Computer Science Machine Learning, Python, Financial Analysis CFA Level 1"
Master's,Finance,"Data Analysis, Counseling, MS Office",Digital Marketing,66,Software Engineer,"Master's Finance Data Analysis, Counseling, MS Office Digital Marketing"
Bachelor's,Commerce,"Financial Analysis, Marketing",Google Data Analytics,81,Business Analyst,"Bachelor's Commerce Financial Analysis, Marketing Google Data Analytics"
Matric,Business,Counseling,Google Data Analytics,78,Business Analyst,Matric Business Counseling Google Data Analytics
Matric,Engineering,Marketing,Tally ERP,85,ML Engineer,Matric Engineering Marketing Tally ERP
PhD,Business,Communication,Google Data Analytics,93,Software Engineer,PhD Business Communication Google Data Analytics
Intermediate,Engineering,"Python, Marketing",Tally ERP,77,Software Engineer,"Intermediate Engineering Python, Marketing Tally ERP"
Matric,Finance,"Counseling, MS Office",Creative Writing,78,Business Analyst,"Matric Finance Counseling, MS Office Creative Writing"
Matric,Finance,Machine Learning,Tally ERP,63,ML Engineer,Matric Finance Machine Learning Tally ERP
Matric,Computer Science,"Marketing, Machine Learning, Communication",CFA Level 1,91,Business Analyst,"Matric Computer Science Marketing, Machine Learning, Communication CFA Level 1"
Bachelor's,Psychology,Counseling,Creative Writing,74,Business Analyst,Bachelor's Psychology Counseling Creative Writing
Master's,Business,Accounting,AWS Certified,73,Business Analyst,Master's Business Accounting AWS Certified
Master's,Computer Science,"SQL, Data Analysis",,77,Research Scientist,
Matric,Arts,Accounting,CFA Level 1,62,ML Engineer,Matric Arts Accounting CFA Level 1
Master's,Engineering,"Financial Analysis, MS Office",CFA Level 1,78,Business Analyst,"Master's Engineering Financial Analysis, MS Office CFA Level 1"
Intermediate,Business,"Accounting, Counseling",Google Data Analytics,71,Research Scientist,"Intermediate Business Accounting, Counseling Google Data Analytics"
PhD,Business,Financial Analysis,Tally ERP,89,Business Analyst,PhD Business Financial Analysis Tally ERP
PhD,Commerce,Financial Analysis,AWS Certified,72,Research Scientist,PhD Commerce Financial Analysis AWS Certified
Intermediate,Science,Machine Learning,CFA Level 1,78,Software Engineer,Intermediate Science Machine Learning CFA Level 1
Master's,Finance,"MS Office, Marketing",,66,Software Engineer,
Matric,Psychology,Financial Analysis,,94,Research Scientist,
Matric,Arts,"SQL, Accounting",Creative Writing,61,Software Engineer,"Matric Arts SQL, Accounting Creative Writing"
Master's,Arts,Communication,Tally ERP,94,Research Scientist,Master's Arts Communication Tally ERP
Bachelor's,Psychology,Financial Analysis,Google Data Analytics,66,Software Engineer,Bachelor's Psychology Financial Analysis Google Data Analytics
Intermediate,Arts,"Communication, Marketing, Python",,77,Business Analyst,
Matric,Psychology,Communication,Creative Writing,85,Business Analyst,Matric Psychology Communication Creative Writing
Matric,Business,"Accounting, Counseling, Financial Analysis",Digital Marketing,73,Research Scientist,"Matric Business Accounting, Counseling, Financial Analysis Digital Marketing"
Master's,Arts,Counseling,,62,Software Engineer,
Matric,Engineering,"MS Office, Accounting",CFA Level 1,62,Research Scientist,"Matric Engineering MS Office, Accounting CFA Level 1"
PhD,Commerce,Data Analysis,Digital Marketing,79,ML Engineer,PhD Commerce Data Analysis Digital Marketing
Master's,Commerce,"SQL, Data Analysis",Tally ERP,85,Research Scientist,"Master's Commerce SQL, Data Analysis Tally ERP"
Matric,Finance,Communication,Google Data Analytics,90,Business Analyst,Matric Finance Communication Google Data Analytics
Matric,Computer Science,Data Analysis,Digital Marketing,63,Business Analyst,Matric Computer Science Data Analysis Digital Marketing
Master's,Arts,"Communication, Financial Analysis, MS Office",AWS Certified,63,Research Scientist,"Master's Arts Communication, Financial Analysis, MS Office AWS Certified"
Matric,Finance,"SQL, Python, Counseling",,85,Research Scientist,
Intermediate,Computer Science,"MS Office, Accounting",CFA Level 1,87,Business Analyst,"Intermediate Computer Science MS Office, Accounting CFA Level 1"
Intermediate,Commerce,"Python, Counseling, Machine Learning",AWS Certified,64,Business Analyst,"Intermediate Commerce Python, Counseling, Machine Learning AWS Certified"
Bachelor's,Psychology,"Python, Accounting, Machine Learning",CFA Level 1,88,Research Scientist,"Bachelor's Psychology Python, Accounting, Machine Learning CFA Level 1"
Matric,Science,Communication,Google Data Analytics,68,Research Scientist,Matric Science Communication Google Data Analytics
Bachelor's,Science,"Python, Accounting, SQL",Tally ERP,81,ML Engineer,"Bachelor's Science Python, Accounting, SQL Tally ERP"
Intermediate,Science,"Data Analysis, Financial Analysis",CFA Level 1,67,ML Engineer,"Intermediate Science Data Analysis, Financial Analysis CFA Level 1"
Bachelor's,Business,Machine Learning,Tally ERP,62,Research Scientist,Bachelor's Business Machine Learning Tally ERP
Matric,Business,Python,,84,Software Engineer,
Matric,Business,"Machine Learning, Financial Analysis",Mental Health Basics,85,Research Scientist,"Matric Business Machine Learning, Financial Analysis Mental Health Basics"
Master's,Computer Science,Financial Analysis,Mental Health Basics,76,Business Analyst,Master's Computer Science Financial Analysis Mental Health Basics
PhD,Science,MS Office,CFA Level 1,80,Research Scientist,PhD Science MS Office CFA Level 1
Master's,Arts,"Accounting, Data Analysis, Machine Learning",CFA Level 1,72,Software Engineer,"Master's Arts Accounting, Data Analysis, Machine Learning CFA Level 1"
PhD,Arts,Machine Learning,CFA Level 1,62,Research Scientist,PhD Arts Machine Learning CFA Level 1
Bachelor's,Commerce,"Communication, Counseling",Tally ERP,92,Business Analyst,"Bachelor's Commerce Communication, Counseling Tally ERP"
Intermediate,Psychology,"MS Office, Python",Mental Health Basics,72,Business Analyst,"Intermediate Psychology MS Office, Python Mental Health Basics"
Bachelor's,Business,"Python, Financial Analysis, SQL",Mental Health Basics,73,Software Engineer,"Bachelor's Business Python, Financial Analysis, SQL Mental Health Basics"
Matric,Engineering,Python,Creative Writing,89,Business Analyst,Matric Engineering Python Creative Writing
Matric,Engineering,Financial Analysis,Mental Health Basics,80,Software Engineer,Matric Engineering Financial Analysis Mental Health Basics
Master's,Commerce,"Machine Learning, Communication, SQL",Creative Writing,77,Software Engineer,"Master's Commerce Machine Learning, Communication, SQL Creative Writing"
Matric,Psychology,Counseling,,65,Software Engineer,
Intermediate,Business,"Machine Learning, Financial Analysis, MS Office",Tally ERP,78,Business Analyst,"Intermediate Business Machine Learning, Financial Analysis, MS Office Tally ERP"
Bachelor's,Psychology,"Communication, Machine Learning, Counseling",Tally ERP,68,Business Analyst,"Bachelor's Psychology Communication, Machine Learning, Counseling Tally ERP"
Bachelor's,Engineering,"SQL, Data Analysis, Counseling",AWS Certified,81,ML Engineer,"Bachelor's Engineering SQL, Data Analysis, Counseling AWS Certified"
Bachelor's,Commerce,"SQL, Data Analysis",Mental Health Basics,70,Research Scientist,"Bachelor's Commerce SQL, Data Analysis Mental Health Basics"
Master's,Science,"SQL, Marketing, MS Office",Mental Health Basics,81,ML Engineer,"Master's Science SQL, Marketing, MS Office Mental Health Basics"
Master's,Psychology,Financial Analysis,Tally ERP,95,ML Engineer,Master's Psychology Financial Analysis Tally ERP
Intermediate,Business,Machine Learning,Tally ERP,68,ML Engineer,Intermediate Business Machine Learning Tally ERP
Bachelor's,Commerce,"MS Office, Accounting, Python",Google Data Analytics,93,Business Analyst,"Bachelor's Commerce MS Office, Accounting, Python Google Data Analytics"
Intermediate,Psychology,"Data Analysis, Communication, MS Office",CFA Level 1,90,Business Analyst,"Intermediate Psychology Data Analysis, Communication, MS Office CFA Level 1"
Bachelor's,Psychology,SQL,Tally ERP,71,Software Engineer,Bachelor's Psychology SQL Tally ERP
Bachelor's,Commerce,Python,AWS Certified,86,Research Scientist,Bachelor's Commerce Python AWS Certified
PhD,Finance,"Communication, Financial Analysis, Data Analysis",Tally ERP,74,ML Engineer,"PhD Finance Communication, Financial Analysis, Data Analysis Tally ERP"
Master's,Commerce,"SQL, Accounting, MS Office",AWS Certified,64,Research Scientist,"Master's Commerce SQL, Accounting, MS Office AWS Certified"
PhD,Business,"Machine Learning, Accounting",Tally ERP,87,ML Engineer,"PhD Business Machine Learning, Accounting Tally ERP"
Intermediate,Business,"Python, Accounting, Communication",Tally ERP,74,ML Engineer,"Intermediate Business Python, Accounting, Communication Tally ERP"
Master's,Science,Machine Learning,,87,ML Engineer,
Matric,Engineering,"Python, Financial Analysis",Creative Writing,67,ML Engineer,"Matric Engineering Python, Financial Analysis Creative Writing"
Intermediate,Psychology,Communication,AWS Certified,82,Software Engineer,Intermediate Psychology Communication AWS Certified
Intermediate,Psychology,Data Analysis,Digital Marketing,94,Software Engineer,Intermediate Psychology Data Analysis Digital Marketing
PhD,Science,"Counseling, Data Analysis",AWS Certified,89,Research Scientist,"PhD Science Counseling, Data Analysis AWS Certified"
Matric,Science,SQL,,90,Software Engineer,
Master's,Psychology,"MS Office, Communication, Python",CFA Level 1,89,Software Engineer,"Master's Psychology MS Office, Communication, Python CFA Level 1"
Bachelor's,Engineering,"Data Analysis, Financial Analysis",Google Data Analytics,72,Software Engineer,"Bachelor's Engineering Data Analysis, Financial Analysis Google Data Analytics"
Master's,Science,Python,Tally ERP,64,Software Engineer,Master's Science Python Tally ERP
Master's,Psychology,SQL,AWS Certified,64,Research Scientist,Master's Psychology SQL AWS Certified
Matric,Psychology,"Data Analysis, MS Office",Digital Marketing,71,Software Engineer,"Matric Psychology Data Analysis, MS Office Digital Marketing"
Bachelor's,Business,"Financial Analysis, Data Analysis, Communication",,80,ML Engineer,
Master's,Science,Machine Learning,,92,Software Engineer,
Master's,Computer Science,"Marketing, Machine Learning",AWS Certified,90,Business Analyst,"Master's Computer Science Marketing, Machine Learning AWS Certified"
Bachelor's,Arts,"Counseling, MS Office",Google Data Analytics,89,Research Scientist,"Bachelor's Arts Counseling, MS Office Google Data Analytics"
Intermediate,Engineering,"Machine Learning, MS Office",AWS Certified,67,Software Engineer,"Intermediate Engineering Machine Learning, MS Office AWS Certified"
Intermediate,Engineering,"Financial Analysis, SQL",CFA Level 1,88,Research Scientist,"Intermediate Engineering Financial Analysis, SQL CFA Level 1"
Matric,Finance,"MS Office, Python",Digital Marketing,65,Software Engineer,"Matric Finance MS Office, Python Digital Marketing"
Intermediate,Computer Science,"Counseling, Financial Analysis, Machine Learning",CFA Level 1,90,Business Analyst,"Intermediate Computer Science Counseling, Financial Analysis, Machine Learning CFA Level 1"
Matric,Engineering,Counseling,CFA Level 1,86,ML Engineer,Matric Engineering Counseling CFA Level 1
Intermediate,Engineering,Communication,Digital Marketing,63,Software Engineer,Intermediate Engineering Communication Digital Marketing
Bachelor's,Arts,"Counseling, SQL, Communication",AWS Certified,68,Business Analyst,"Bachelor's Arts Counseling, SQL, Communication AWS Certified"
Master's,Finance,"Machine Learning, Python, SQL",Google Data Analytics,65,Business Analyst,"Master's Finance Machine Learning, Python, SQL Google Data Analytics"
Matric,Engineering,Data Analysis,Mental Health Basics,81,Research Scientist,Matric Engineering Data Analysis Mental Health Basics
Intermediate,Business,Data Analysis,Creative Writing,69,Software Engineer,Intermediate Business Data Analysis Creative Writing
Matric,Finance,"SQL, Communication",AWS Certified,73,Business Analyst,"Matric Finance SQL, Communication AWS Certified"
PhD,Business,Data Analysis,Google Data Analytics,61,ML Engineer,PhD Business Data Analysis Google Data Analytics
Master's,Arts,"SQL, Counseling, Python",AWS Certified,88,Research Scientist,"Master's Arts SQL, Counseling, Python AWS Certified"
Master's,Arts,"Counseling, Data Analysis, MS Office",AWS Certified,70,Research Scientist,"Master's Arts Counseling, Data Analysis, MS Office AWS Certified"
Master's,Science,"Marketing, Data Analysis",CFA Level 1,71,Business Analyst,"Master's Science Marketing, Data Analysis CFA Level 1"
Matric,Science,Financial Analysis,CFA Level 1,76,Software Engineer,Matric Science Financial Analysis CFA Level 1
Bachelor's,Arts,"Python, Data Analysis",Mental Health Basics,84,ML Engineer,"Bachelor's Arts Python, Data Analysis Mental Health Basics"
PhD,Finance,"Python, Machine Learning, Financial Analysis",AWS Certified,70,Business Analyst,"PhD Finance Python, Machine Learning, Financial Analysis AWS Certified"
Bachelor's,Commerce,"Communication, Accounting, Counseling",Tally ERP,90,Software Engineer,"Bachelor's Commerce Communication, Accounting, Counseling Tally ERP"
Intermediate,Business,Counseling,Digital Marketing,86,Business Analyst,Intermediate Business Counseling Digital Marketing
Master's,Psychology,Machine Learning,CFA Level 1,82,Research Scientist,Master's Psychology Machine Learning CFA Level 1
PhD,Commerce,"Data Analysis, SQL",Digital Marketing,72,Research Scientist,"PhD Commerce Data Analysis, SQL Digital Marketing"
Intermediate,Business,"Communication, Financial Analysis, Counseling",CFA Level 1,81,Research Scientist,"Intermediate Business Communication, Financial Analysis, Counseling CFA Level 1"
Matric,Commerce,Counseling,CFA Level 1,70,ML Engineer,Matric Commerce Counseling CFA Level 1
PhD,Arts,"Counseling, Data Analysis",CFA Level 1,95,Business Analyst,"PhD Arts Counseling, Data Analysis CFA Level 1"
Master's,Science,SQL,AWS Certified,62,Software Engineer,Master's Science SQL AWS Certified
Matric,Commerce,"Financial Analysis, Data Analysis",Mental Health Basics,73,Research Scientist,"Matric Commerce Financial Analysis, Data Analysis Mental Health Basics"
Bachelor's,Science,Communication,AWS Certified,63,ML Engineer,Bachelor's Science Communication AWS Certified
Master's,Arts,Counseling,,65,Business Analyst,
Master's,Business,"Machine Learning, Communication, Accounting",,84,ML Engineer,
Bachelor's,Finance,Accounting,AWS Certified,91,Research Scientist,Bachelor's Finance Accounting AWS Certified
Intermediate,Arts,Accounting,Google Data Analytics,64,Research Scientist,Intermediate Arts Accounting Google Data Analytics
Matric,Business,"Marketing, Financial Analysis, Data Analysis",CFA Level 1,61,Business Analyst,"Matric Business Marketing, Financial Analysis, Data Analysis CFA Level 1"
Master's,Computer Science,MS Office,Digital Marketing,62,Research Scientist,Master's Computer Science MS Office Digital Marketing
Bachelor's,Commerce,"Financial Analysis, MS Office",,93,ML Engineer,
Bachelor's,Psychology,SQL,CFA Level 1,66,Research Scientist,Bachelor's Psychology SQL CFA Level 1
Bachelor's,Business,Machine Learning,Tally ERP,80,ML Engineer,Bachelor's Business Machine Learning Tally ERP
Matric,Science,"Data Analysis, Accounting, Python",AWS Certified,65,Business Analyst,"Matric Science Data Analysis, Accounting, Python AWS Certified"
Bachelor's,Computer Science,"Data Analysis, Communication",Creative Writing,78,Business Analyst,"Bachelor's Computer Science Data Analysis, Communication Creative Writing"
Intermediate,Computer Science,"MS Office, Accounting",Mental Health Basics,76,Research Scientist,"Intermediate Computer Science MS Office, Accounting Mental Health Basics"
PhD,Science,"Python, Machine Learning, Financial Analysis",AWS Certified,86,Research Scientist,"PhD Science Python, Machine Learning, Financial Analysis AWS Certified"
Matric,Computer Science,"Machine Learning, Accounting, MS Office",Mental Health Basics,83,Business Analyst,"Matric Computer Science Machine Learning, Accounting, MS Office Mental Health Basics"
Bachelor's,Computer Science,"MS Office, Python",Tally ERP,81,Research Scientist,"Bachelor's Computer Science MS Office, Python Tally ERP"
PhD,Engineering,"Data Analysis, Machine Learning, Accounting",Mental Health Basics,75,ML Engineer,"PhD Engineering Data Analysis, Machine Learning, Accounting Mental Health Basics"
Master's,Engineering,"Data Analysis, Accounting",AWS Certified,89,Research Scientist,"Master's Engineering Data Analysis, Accounting AWS Certified"
PhD,Arts,Machine Learning,Tally ERP,90,Research Scientist,PhD Arts Machine Learning Tally ERP
PhD,Computer Science,"Machine Learning, SQL, Financial Analysis",Digital Marketing,71,Business Analyst,"PhD Computer Science Machine Learning, SQL, Financial Analysis Digital Marketing"
Intermediate,Science,"Machine Learning, SQL",Creative Writing,65,Business Analyst,"Intermediate Science Machine Learning, SQL Creative Writing"
Matric,Engineering,Counseling,Mental Health Basics,80,Software Engineer,Matric Engineering Counseling Mental Health Basics
Matric,Business,"Counseling, MS Office, Data Analysis",Creative Writing,77,Research Scientist,"Matric Business Counseling, MS Office, Data Analysis Creative Writing"
PhD,Computer Science,"Financial Analysis, Data Analysis, Communication",Mental Health Basics,74,ML Engineer,"PhD Computer Science Financial Analysis, Data Analysis, Communication Mental Health Basics"
Intermediate,Finance,"Data Analysis, Marketing",Google Data Analytics,60,ML Engineer,"Intermediate Finance Data Analysis, Marketing Google Data Analytics"
PhD,Engineering,"Counseling, Python, Financial Analysis",Creative Writing,82,Research Scientist,"PhD Engineering Counseling, Python, Financial Analysis Creative Writing"
Bachelor's,Finance,Accounting,Google Data Analytics,60,ML Engineer,Bachelor's Finance Accounting Google Data Analytics
PhD,Business,"Counseling, SQL",Creative Writing,61,Research Scientist,"PhD Business Counseling, SQL Creative Writing"
Master's,Commerce,SQL,Mental Health Basics,69,Software Engineer,Master's Commerce SQL Mental Health Basics
PhD,Finance,"SQL, Data Analysis",Mental Health Basics,91,Research Scientist,"PhD Finance SQL, Data Analysis Mental Health Basics"
Bachelor's,Business,"Python, Counseling, SQL",Google Data Analytics,74,Business Analyst,"Bachelor's Business Python, Counseling, SQL Google Data Analytics"
Master's,Finance,"Marketing, SQL",Tally ERP,71,Software Engineer,"Master's Finance Marketing, SQL Tally ERP"
Master's,Engineering,"Python, Financial Analysis",AWS Certified,68,Software Engineer,"Master's Engineering Python, Financial Analysis AWS Certified"
Master's,Engineering,"Financial Analysis, SQL",Creative Writing,79,Software Engineer,"Master's Engineering Financial Analysis, SQL Creative Writing"
Intermediate,Computer Science,"Accounting, Communication, Financial Analysis",Google Data Analytics,95,ML Engineer,"Intermediate Computer Science Accounting, Communication, Financial Analysis Google Data Analytics"
PhD,Computer Science,"Machine Learning, Counseling, Communication",Mental Health Basics,91,ML Engineer,"PhD Computer Science Machine Learning, Counseling, Communication Mental Health Basics"
PhD,Commerce,Counseling,Creative Writing,81,Software Engineer,PhD Commerce Counseling Creative Writing
Master's,Psychology,SQL,,83,Software Engineer,
Matric,Science,Counseling,Mental Health Basics,86,Software Engineer,Matric Science Counseling Mental Health Basics
PhD,Arts,"Accounting, MS Office",Tally ERP,94,Research Scientist,"PhD Arts Accounting, MS Office Tally ERP"
PhD,Psychology,"Communication, MS Office",Tally ERP,70,Software Engineer,"PhD Psychology Communication, MS Office Tally ERP"
Intermediate,Commerce,"Counseling, Python, MS Office",CFA Level 1,95,Research Scientist,"Intermediate Commerce Counseling, Python, MS Office CFA Level 1"
Intermediate,Psychology,Marketing,Google Data Analytics,73,Software Engineer,Intermediate Psychology Marketing Google Data Analytics
Matric,Engineering,"Marketing, MS Office",Mental Health Basics,94,Business Analyst,"Matric Engineering Marketing, MS Office Mental Health Basics"
Matric,Business,Marketing,,72,Business Analyst,
Matric,Arts,"Accounting, Python, Data Analysis",AWS Certified,85,Research Scientist,"Matric Arts Accounting, Python, Data Analysis AWS Certified"
Master's,Commerce,"Financial Analysis, SQL",CFA Level 1,67,ML Engineer,"Master's Commerce Financial Analysis, SQL CFA Level 1"
PhD,Computer Science,MS Office,Mental Health Basics,95,Research Scientist,PhD Computer Science MS Office Mental Health Basics
PhD,Psychology,"Python, Counseling",AWS Certified,80,ML Engineer,"PhD Psychology Python, Counseling AWS Certified"
Master's,Commerce,Machine Learning,Creative Writing,61,Software Engineer,Master's Commerce Machine Learning Creative Writing
Intermediate,Engineering,Marketing,CFA Level 1,88,Business Analyst,Intermediate Engineering Marketing CFA Level 1
PhD,Finance,"Marketing, Data Analysis",,76,Business Analyst,
Intermediate,Engineering,"Marketing, Machine Learning",Google Data Analytics,73,ML Engineer,"Intermediate Engineering Marketing, Machine Learning Google Data Analytics"
Bachelor's,Business,"Communication, SQL",Tally ERP,85,Research Scientist,"Bachelor's Business Communication, SQL Tally ERP"
Intermediate,Arts,"Counseling, Marketing",Digital Marketing,76,Software Engineer,"Intermediate Arts Counseling, Marketing Digital Marketing"
Matric,Psychology,"MS Office, Communication, Financial Analysis",Digital Marketing,64,Business Analyst,"Matric Psychology MS Office, Communication, Financial Analysis Digital Marketing"
Master's,Arts,Accounting,CFA Level 1,79,Software Engineer,Master's Arts Accounting CFA Level 1
Master's,Business,"Communication, Marketing",Mental Health Basics,76,Research Scientist,"Master's Business Communication, Marketing Mental Health Basics"
PhD,Arts,"Machine Learning, Counseling, Accounting",Digital Marketing,92,Research Scientist,"PhD Arts Machine Learning, Counseling, Accounting Digital Marketing"
Matric,Engineering,"SQL, Counseling",CFA Level 1,85,ML Engineer,"Matric Engineering SQL, Counseling CFA Level 1"
Bachelor's,Arts,Accounting,CFA Level 1,81,Business Analyst,Bachelor's Arts Accounting CFA Level 1
Master's,Finance,"Counseling, Python, Financial Analysis",Mental Health Basics,66,Research Scientist,"Master's Finance Counseling, Python, Financial Analysis Mental Health Basics"
Matric,Psychology,"Financial Analysis, Counseling, SQL",Creative Writing,86,Business Analyst,"Matric Psychology Financial Analysis, Counseling, SQL Creative Writing"
Bachelor's,Engineering,"Python, Machine Learning, SQL",Creative Writing,66,ML Engineer,"Bachelor's Engineering Python, Machine Learning, SQL Creative Writing"
Master's,Science,"Python, MS Office, Communication",AWS Certified,61,Research Scientist,"Master's Science Python, MS Office, Communication AWS Certified"
Intermediate,Business,"Accounting, Machine Learning, Counseling",Digital Marketing,70,Software Engineer,"Intermediate Business Accounting, Machine Learning, Counseling Digital Marketing"
Bachelor's,Commerce,"MS Office, Marketing, Counseling",,75,Research Scientist,
PhD,Finance,"Marketing, Communication",Digital Marketing,90,Research Scientist,"PhD Finance Marketing, Communication Digital Marketing"
Matric,Arts,"Financial Analysis, Machine Learning",CFA Level 1,82,ML Engineer,"Matric Arts Financial Analysis, Machine Learning CFA Level 1"
Bachelor's,Arts,"Machine Learning, Financial Analysis",AWS Certified,77,Business Analyst,"Bachelor's Arts Machine Learning, Financial Analysis AWS Certified"
PhD,Psychology,Accounting,Mental Health Basics,77,Software Engineer,PhD Psychology Accounting Mental Health Basics
Master's,Psychology,Marketing,CFA Level 1,85,Research Scientist,Master's Psychology Marketing CFA Level 1
PhD,Engineering,"Communication, Machine Learning",,82,Business Analyst,
Master's,Business,"Data Analysis, MS Office",CFA Level 1,71,Research Scientist,"Master's Business Data Analysis, MS Office CFA Level 1"
Matric,Finance,"Marketing, Communication, SQL",CFA Level 1,63,Business Analyst,"Matric Finance Marketing, Communication, SQL CFA Level 1"
Matric,Science,"Communication, Python, Data Analysis",Digital Marketing,74,Research Scientist,"Matric Science Communication, Python, Data Analysis Digital Marketing"
Intermediate,Arts,"SQL, Machine Learning, Financial Analysis",CFA Level 1,76,ML Engineer,"Intermediate Arts SQL, Machine Learning, Financial Analysis CFA Level 1"
Bachelor's,Computer Science,"SQL, Communication, Marketing",Digital Marketing,87,Software Engineer,"Bachelor's Computer Science SQL, Communication, Marketing Digital Marketing"
Intermediate,Science,"Data Analysis, Accounting",CFA Level 1,71,Research Scientist,"Intermediate Science Data Analysis, Accounting CFA Level 1"
Intermediate,Computer Science,SQL,AWS Certified,78,ML Engineer,Intermediate Computer Science SQL AWS Certified
Master's,Arts,Python,,67,ML Engineer,
PhD,Arts,"Accounting, Python, Data Analysis",Digital Marketing,76,Business Analyst,"PhD Arts Accounting, Python, Data Analysis Digital Marketing"
PhD,Science,"Counseling, SQL",Google Data Analytics,74,Software Engineer,"PhD Science Counseling, SQL Google Data Analytics"
Master's,Science,"Data Analysis, Marketing",Digital Marketing,76,ML Engineer,"Master's Science Data Analysis, Marketing Digital Marketing"
PhD,Finance,"Financial Analysis, Machine Learning, Communication",Digital Marketing,79,Research Scientist,"PhD Finance Financial Analysis, Machine Learning, Communication Digital Marketing"
Master's,Computer Science,"Python, Financial Analysis, Communication",Creative Writing,95,Research Scientist,"Master's Computer Science Python, Financial Analysis, Communication Creative Writing"
PhD,Science,"Python, Marketing",Mental Health Basics,90,Research Scientist,"PhD Science Python, Marketing Mental Health Basics"
Bachelor's,Science,"Machine Learning, SQL",Tally ERP,72,ML Engineer,"Bachelor's Science Machine Learning, SQL Tally ERP"
Intermediate,Arts,"Accounting, MS Office",AWS Certified,91,Business Analyst,"Intermediate Arts Accounting, MS Office AWS Certified"
Intermediate,Commerce,"Data Analysis, MS Office",Creative Writing,68,ML Engineer,"Intermediate Commerce Data Analysis, MS Office Creative Writing"
Intermediate,Business,"MS Office, Python, SQL",Mental Health Basics,62,Business Analyst,"Intermediate Business MS Office, Python, SQL Mental Health Basics"
Matric,Arts,"Communication, Machine Learning",Google Data Analytics,91,ML Engineer,"Matric Arts Communication, Machine Learning Google Data Analytics"
Matric,Finance,Data Analysis,CFA Level 1,76,Software Engineer,Matric Finance Data Analysis CFA Level 1
Intermediate,Arts,"Communication, Python, Accounting",Google Data Analytics,74,Research Scientist,"Intermediate Arts Communication, Python, Accounting Google Data Analytics"
Bachelor's,Business,Machine Learning,,65,Research Scientist,
Master's,Computer Science,"Counseling, Data Analysis, MS Office",Google Data Analytics,71,Software Engineer,"Master's Computer Science Counseling, Data Analysis, MS Office Google Data Analytics"
Master's,Computer Science,Machine Learning,AWS Certified,63,Research Scientist,Master's Computer Science Machine Learning AWS Certified
Bachelor's,Business,Financial Analysis,Google Data Analytics,64,Business Analyst,Bachelor's Business Financial Analysis Google Data Analytics
Master's,Engineering,"Python, SQL, MS Office",CFA Level 1,85,Software Engineer,"Master's Engineering Python, SQL, MS Office CFA Level 1"
Intermediate,Commerce,Python,Tally ERP,63,Software Engineer,Intermediate Commerce Python Tally ERP
PhD,Science,"Communication, SQL, Counseling",Tally ERP,90,Software Engineer,"PhD Science Communication, SQL, Counseling Tally ERP"
Bachelor's,Science,Counseling,Tally ERP,94,ML Engineer,Bachelor's Science Counseling Tally ERP
Intermediate,Science,Machine Learning,Creative Writing,92,Business Analyst,Intermediate Science Machine Learning Creative Writing
Matric,Arts,"Python, Accounting, Data Analysis",Mental Health Basics,63,Business Analyst,"Matric Arts Python, Accounting, Data Analysis Mental Health Basics"
Intermediate,Psychology,"Python, Communication",,87,Software Engineer,
Matric,Arts,"Marketing, SQL",Mental Health Basics,89,Research Scientist,"Matric Arts Marketing, SQL Mental Health Basics"
Intermediate,Computer Science,"Python, Accounting, SQL",Google Data Analytics,74,Business Analyst,"Intermediate Computer Science Python, Accounting, SQL Google Data Analytics"
Bachelor's,Computer Science,"Communication, Data Analysis, SQL",Digital Marketing,88,ML Engineer,"Bachelor's Computer Science Communication, Data Analysis, SQL Digital Marketing"
Intermediate,Engineering,"Financial Analysis, Data Analysis",Google Data Analytics,92,Research Scientist,"Intermediate Engineering Financial Analysis, Data Analysis Google Data Analytics"
Intermediate,Finance,Marketing,Digital Marketing,65,Research Scientist,Intermediate Finance Marketing Digital Marketing
PhD,Finance,Financial Analysis,Mental Health Basics,76,Business Analyst,PhD Finance Financial Analysis Mental Health Basics
Bachelor's,Computer Science,Marketing,,61,ML Engineer,
Bachelor's,Science,"Communication, Data Analysis, Financial Analysis",AWS Certified,89,Research Scientist,"Bachelor's Science Communication, Data Analysis, Financial Analysis AWS Certified"
Matric,Engineering,"Financial Analysis, Communication, SQL",,93,Software Engineer,
Matric,Commerce,"Communication, Accounting",Google Data Analytics,75,ML Engineer,"Matric Commerce Communication, Accounting Google Data Analytics"
Intermediate,Science,"Counseling, Communication",Digital Marketing,84,Business Analyst,"Intermediate Science Counseling, Communication Digital Marketing"
Bachelor's,Science,Python,Mental Health Basics,91,ML Engineer,Bachelor's Science Python Mental Health Basics
PhD,Arts,Accounting,CFA Level 1,83,Software Engineer,PhD Arts Accounting CFA Level 1
PhD,Finance,"Accounting, Machine Learning, MS Office",Google Data Analytics,62,ML Engineer,"PhD Finance Accounting, Machine Learning, MS Office Google Data Analytics"
Master's,Commerce,"Data Analysis, MS Office, SQL",Digital Marketing,95,Business Analyst,"Master's Commerce Data Analysis, MS Office, SQL Digital Marketing"
Master's,Arts,SQL,,94,ML Engineer,
Intermediate,Arts,"SQL, Counseling, Data Analysis",Digital Marketing,82,ML Engineer,"Intermediate Arts SQL, Counseling, Data Analysis Digital Marketing"
Master's,Commerce,"Marketing, Accounting, Data Analysis",CFA Level 1,93,ML Engineer,"Master's Commerce Marketing, Accounting, Data Analysis CFA Level 1"
Bachelor's,Engineering,"Data Analysis, Machine Learning, Marketing",CFA Level 1,91,Business Analyst,"Bachelor's Engineering Data Analysis, Machine Learning, Marketing CFA Level 1"
Master's,Engineering,"Financial Analysis, Counseling, Accounting",CFA Level 1,70,Research Scientist,"Master's Engineering Financial Analysis, Counseling, Accounting CFA Level 1"
Bachelor's,Commerce,"SQL, MS Office",CFA Level 1,60,ML Engineer,"Bachelor's Commerce SQL, MS Office CFA Level 1"
Master's,Arts,"MS Office, Data Analysis",Google Data Analytics,73,ML Engineer,"Master's Arts MS Office, Data Analysis Google Data Analytics"
Bachelor's,Psychology,"Accounting, Data Analysis, Communication",CFA Level 1,92,Research Scientist,"Bachelor's Psychology Accounting, Data Analysis, Communication CFA Level 1"
Master's,Computer Science,"Counseling, MS Office, Data Analysis",AWS Certified,84,Business Analyst,"Master's Computer Science Counseling, MS Office, Data Analysis AWS Certified"
Intermediate,Arts,Financial Analysis,,73,Business Analyst,
Bachelor's,Psychology,"SQL, Machine Learning",Digital Marketing,88,Software Engineer,"Bachelor's Psychology SQL, Machine Learning Digital Marketing"
PhD,Commerce,"Machine Learning, Accounting",CFA Level 1,91,ML Engineer,"PhD Commerce Machine Learning, Accounting CFA Level 1"
Master's,Engineering,"SQL, Machine Learning, MS Office",CFA Level 1,65,ML Engineer,"Master's Engineering SQL, Machine Learning, MS Office CFA Level 1"
Matric,Psychology,"Data Analysis, Accounting, Python",,76,Software Engineer,
Master's,Commerce,"Accounting, Communication",,76,Business Analyst,
Master's,Arts,"Accounting, SQL",Mental Health Basics,71,Business Analyst,"Master's Arts Accounting, SQL Mental Health Basics"
Master's,Arts,"Marketing, Accounting",,88,Software Engineer,
Intermediate,Psychology,"Financial Analysis, Machine Learning",CFA Level 1,69,Business Analyst,"Intermediate Psychology Financial Analysis, Machine Learning CFA Level 1"
Bachelor's,Psychology,Communication,CFA Level 1,76,ML Engineer,Bachelor's Psychology Communication CFA Level 1
Bachelor's,Psychology,"Counseling, Python",Tally ERP,66,Research Scientist,"Bachelor's Psychology Counseling, Python Tally ERP"
Master's,Computer Science,"Accounting, Python, SQL",,70,ML Engineer,
Master's,Commerce,MS Office,,77,ML Engineer,
Matric,Commerce,"Accounting, SQL",AWS Certified,75,Software Engineer,"Matric Commerce Accounting, SQL AWS Certified"
Intermediate,Psychology,"MS Office, Marketing, Python",CFA Level 1,84,Business Analyst,"Intermediate Psychology MS Office, Marketing, Python CFA Level 1"
Intermediate,Arts,"Python, Financial Analysis",CFA Level 1,60,Research Scientist,"Intermediate Arts Python, Financial Analysis CFA Level 1"
Bachelor's,Computer Science,"MS Office, Data Analysis, Accounting",Digital Marketing,91,Software Engineer,"Bachelor's Computer Science MS Office, Data Analysis, Accounting Digital Marketing"
Matric,Computer Science,Data Analysis,CFA Level 1,74,ML Engineer,Matric Computer Science Data Analysis CFA Level 1
PhD,Commerce,"Accounting, SQL, Data Analysis",AWS Certified,61,Research Scientist,"PhD Commerce Accounting, SQL, Data Analysis AWS Certified"
PhD,Business,"Accounting, Counseling, Data Analysis",Creative Writing,61,Business Analyst,"PhD Business Accounting, Counseling, Data Analysis Creative Writing"
PhD,Business,"Data Analysis, MS Office, Python",Tally ERP,88,Research Scientist,"PhD Business Data Analysis, MS Office, Python Tally ERP"
Intermediate,Finance,"Communication, Data Analysis",Tally ERP,71,ML Engineer,"Intermediate Finance Communication, Data Analysis Tally ERP"
PhD,Business,"SQL, Financial Analysis",,91,ML Engineer,
Bachelor's,Arts,"Communication, Python, MS Office",Digital Marketing,72,Business Analyst,"Bachelor's Arts Communication, Python, MS Office Digital Marketing"
Matric,Science,Data Analysis,Digital Marketing,62,Business Analyst,Matric Science Data Analysis Digital Marketing
Master's,Commerce,Data Analysis,Google Data Analytics,92,ML Engineer,Master's Commerce Data Analysis Google Data Analytics
Bachelor's,Commerce,SQL,Mental Health Basics,85,Software Engineer,Bachelor's Commerce SQL Mental Health Basics
Bachelor's,Finance,"Communication, Financial Analysis",Creative Writing,67,Business Analyst,"Bachelor's Finance Communication, Financial Analysis Creative Writing"
Master's,Business,"Python, Counseling",CFA Level 1,77,Software Engineer,"Master's Business Python, Counseling CFA Level 1"
Bachelor's,Finance,"Machine Learning, Communication, MS Office",Creative Writing,66,Research Scientist,"Bachelor's Finance Machine Learning, Communication, MS Office Creative Writing"
Intermediate,Science,Accounting,Tally ERP,64,ML Engineer,Intermediate Science Accounting Tally ERP
PhD,Computer Science,"Machine Learning, Financial Analysis, Python",Digital Marketing,70,Research Scientist,"PhD Computer Science Machine Learning, Financial Analysis, Python Digital Marketing"
Intermediate,Computer Science,"SQL, Python, Data Analysis",Creative Writing,60,ML Engineer,"Intermediate Computer Science SQL, Python, Data Analysis Creative Writing"
Bachelor's,Computer Science,"Python, Communication",Creative Writing,80,Research Scientist,"Bachelor's Computer Science Python, Communication Creative Writing"
Master's,Psychology,"Data Analysis, Machine Learning, Financial Analysis",Tally ERP,90,Research Scientist,"Master's Psychology Data Analysis, Machine Learning, Financial Analysis Tally ERP"
Bachelor's,Engineering,Machine Learning,CFA Level 1,79,Research Scientist,Bachelor's Engineering Machine Learning CFA Level 1
Bachelor's,Commerce,"Machine Learning, Marketing, Communication",Digital Marketing,82,ML Engineer,"Bachelor's Commerce Machine Learning, Marketing, Communication Digital Marketing"
Master's,Finance,Communication,,70,Research Scientist,
Master's,Finance,"Financial Analysis, Python",Mental Health Basics,75,Research Scientist,"Master's Finance Financial Analysis, Python Mental Health Basics"
Bachelor's,Arts,Data Analysis,AWS Certified,73,Research Scientist,Bachelor's Arts Data Analysis AWS Certified
PhD,Finance,SQL,Digital Marketing,67,ML Engineer,PhD Finance SQL Digital Marketing
Intermediate,Psychology,"Marketing, Financial Analysis, Communication",Tally ERP,73,ML Engineer,"Intermediate Psychology Marketing, Financial Analysis, Communication Tally ERP"
Bachelor's,Psychology,"Machine Learning, Financial Analysis",CFA Level 1,83,Business Analyst,"Bachelor's Psychology Machine Learning, Financial Analysis CFA Level 1"
Matric,Computer Science,Machine Learning,AWS Certified,66,Business Analyst,Matric Computer Science Machine Learning AWS Certified
Matric,Arts,"Counseling, MS Office",,87,Business Analyst,
Matric,Psychology,"Counseling, Accounting, Python",Tally ERP,61,Research Scientist,"Matric Psychology Counseling, Accounting, Python Tally ERP"
Matric,Arts,"MS Office, Python, Counseling",,84,Software Engineer,
Matric,Arts,"Data Analysis, Counseling",CFA Level 1,70,Research Scientist,"Matric Arts Data Analysis, Counseling CFA Level 1"
PhD,Engineering,Python,Creative Writing,74,Software Engineer,PhD Engineering Python Creative Writing
Matric,Commerce,"Data Analysis, Communication",AWS Certified,87,Research Scientist,"Matric Commerce Data Analysis, Communication AWS Certified"
Master's,Finance,"Machine Learning, SQL",Tally ERP,68,Business Analyst,"Master's Finance Machine Learning, SQL Tally ERP"
Bachelor's,Finance,SQL,CFA Level 1,91,Software Engineer,Bachelor's Finance SQL CFA Level 1
PhD,Finance,Financial Analysis,CFA Level 1,67,ML Engineer,PhD Finance Financial Analysis CFA Level 1
Bachelor's,Business,"Communication, Machine Learning",Tally ERP,72,ML Engineer,"Bachelor's Business Communication, Machine Learning Tally ERP"
Matric,Business,Marketing,Mental Health Basics,91,Business Analyst,Matric Business Marketing Mental Health Basics
Bachelor's,Computer Science,"Python, Accounting, Counseling",Mental Health Basics,95,Business Analyst,"Bachelor's Computer Science Python, Accounting, Counseling Mental Health Basics"
Bachelor's,Business,"SQL, Data Analysis, Machine Learning",Digital Marketing,93,Research Scientist,"Bachelor's Business SQL, Data Analysis, Machine Learning Digital Marketing"
Matric,Finance,"Marketing, Financial Analysis",Digital Marketing,89,Research Scientist,"Matric Finance Marketing, Financial Analysis Digital Marketing"
Master's,Commerce,Machine Learning,Digital Marketing,87,Software Engineer,Master's Commerce Machine Learning Digital Marketing
Master's,Science,SQL,Creative Writing,83,Research Scientist,Master's Science SQL Creative Writing
Master's,Business,"Machine Learning, Accounting, SQL",AWS Certified,68,Business Analyst,"Master's Business Machine Learning, Accounting, SQL AWS Certified"
PhD,Finance,Python,Creative Writing,84,Software Engineer,PhD Finance Python Creative Writing
PhD,Finance,"Marketing, Counseling",Mental Health Basics,60,ML Engineer,"PhD Finance Marketing, Counseling Mental Health Basics"
Intermediate,Business,Accounting,AWS Certified,95,Research Scientist,Intermediate Business Accounting AWS Certified
Intermediate,Psychology,"Financial Analysis, Counseling, Python",Google Data Analytics,66,Business Analyst,"Intermediate Psychology Financial Analysis, Counseling, Python Google Data Analytics"
PhD,Engineering,"Communication, Machine Learning",CFA Level 1,64,Research Scientist,"PhD Engineering Communication, Machine Learning CFA Level 1"
Matric,Science,"Financial Analysis, Communication",Google Data Analytics,74,Research Scientist,"Matric Science Financial Analysis, Communication Google Data Analytics"
PhD,Finance,Counseling,Digital Marketing,64,ML Engineer,PhD Finance Counseling Digital Marketing
Intermediate,Psychology,"Financial Analysis, SQL",,88,Research Scientist,
Master's,Commerce,"MS Office, Python",Tally ERP,85,ML Engineer,"Master's Commerce MS Office, Python Tally ERP"
PhD,Business,"Counseling, Financial Analysis, Python",Mental Health Basics,83,Software Engineer,"PhD Business Counseling, Financial Analysis, Python Mental Health Basics"
PhD,Psychology,"Financial Analysis, Marketing, Counseling",Creative Writing,76,Research Scientist,"PhD Psychology Financial Analysis, Marketing, Counseling Creative Writing"
Master's,Business,"Communication, Accounting, Financial Analysis",Creative Writing,70,ML Engineer,"Master's Business Communication, Accounting, Financial Analysis Creative Writing"
PhD,Engineering,Communication,AWS Certified,86,Business Analyst,PhD Engineering Communication AWS Certified
Matric,Science,"Financial Analysis, Counseling",CFA Level 1,62,Research Scientist,"Matric Science Financial Analysis, Counseling CFA Level 1"
PhD,Engineering,Accounting,Creative Writing,60,Business Analyst,PhD Engineering Accounting Creative Writing
PhD,Engineering,"Python, Machine Learning, Data Analysis",,83,Software Engineer,
